Abeta40-0drug.txt: column 1 X	Abeta40-0drug.txt: column 1 Y	Abeta40-2drug.txt: column 1 X	Abeta40-2drug.txt: column 1 Y	Abeta40-5drug.txt: 17.25 X	Abeta40-5drug.txt: 17.25 Y	Abeta40-10drug.txt: column 1 X	Abeta40-10drug.txt: column 1 Y
0.0	-0.3	0.0	-1.14705882353	6.0	0.795454545456	0.0	-0.604938271606
6.0	-0.1	6.0	0.852941176471	12.0	-1.20454545455	6.0	-0.854938271606
12.0	0.7	12.0	0.352941176471	18.0	1.79545454545	12.0	-2.1049382716
18.0	1.1	18.0	1.85294117647	24.0	-0.704545454544	18.0	-0.104938271606
24.0	0.3	24.0	-0.147058823529	30.0	0.0454545454559	24.0	0.145061728394
30.0	0.9	30.0	0.352941176471	36.0	1.04545454545	30.0	-0.604938271606
36.0	-1.1	36.0	0.352941176471	42.0	-0.704545454544	36.0	-0.604938271606
42.0	-0.3	42.0	-0.647058823529	48.0	0.0454545454559	42.0	-0.854938271606
48.0	-0.7	48.0	0.852941176471	54.0	-0.204545454544	48.0	-0.354938271606
54.0	0.7	54.0	0.352941176471	60.0	-0.954545454544	54.0	0.645061728394
60.0	0.9	60.0	0.352941176471	66.0	0.295454545456	60.0	-0.354938271606
66.0	0.1	66.0	0.352941176471	72.0	-0.204545454544	66.0	-0.604938271606
72.0	1.1	72.0	0.852941176471	78.0	-1.20454545455	72.0	1.6450617284
78.0	0.7	78.0	-2.14705882353	84.0	0.295454545456	78.0	-0.104938271606
84.0	0.9	84.0	-1.14705882353	90.0	0.545454545456	84.0	1.3950617284
90.0	-1.9	90.0	-1.14705882353	96.0	3.29545454545	90.0	0.145061728394
96.0	-1.5	96.0	-0.147058823529	102.0	-2.20454545455	96.0	0.895061728394
102.0	-2.1	102.0	-3.64705882353	108.0	-1.70454545455	102.0	-0.604938271606
108.0	0.5	108.0	1.85294117647	114.0	0.0454545454559	108.0	0.645061728394
114.0	0.1	114.0	-0.647058823529	120.0	-0.204545454544	114.0	-0.604938271606
120.0	-0.1	120.0	3.35294117647	126.0	1.79545454545	120.0	-1.6049382716
126.0	0.9	126.0	1.35294117647	132.0	-0.704545454544	126.0	0.145061728394
132.0	-0.1	132.0	-1.64705882353	138.0	0.295454545456	132.0	0.645061728394
138.0	0.3	138.0	1.35294117647	144.0	-1.20454545455	138.0	-0.104938271606
144.0	0.7	144.0	-0.147058823529	150.0	0.795454545456	144.0	0.895061728394
150.0	1.1	150.0	0.352941176471	156.0	0.795454545456	150.0	-0.604938271606
156.0	0.3	156.0	2.35294117647	162.0	1.04545454545	156.0	0.895061728394
162.0	0.1	162.0	0.352941176471	168.0	-0.454545454544	162.0	0.895061728394
168.0	0.5	168.0	0.352941176471	174.0	1.29545454545	168.0	-0.354938271606
174.0	0.3	174.0	1.85294117647	180.0	0.545454545456	174.0	-0.104938271606
180.0	1.1	180.0	-0.147058823529	186.0	-0.704545454544	180.0	-0.104938271606
186.0	0.5	186.0	1.85294117647	192.0	-0.704545454544	186.0	-0.104938271606
192.0	0.7	192.0	-0.147058823529	198.0	-0.704545454544	192.0	0.895061728394
198.0	0.3	198.0	0.352941176471	204.0	0.545454545456	198.0	1.6450617284
204.0	1.9	204.0	0.852941176471	210.0	-0.454545454544	204.0	0.645061728394
210.0	0.1	210.0	2.85294117647	216.0	0.0454545454559	210.0	2.6450617284
216.0	2.5	216.0	0.352941176471	222.0	1.54545454545	216.0	-0.354938271606
222.0	-0.5	222.0	-1.14705882353	228.0	1.54545454545	222.0	-0.104938271606
228.0	2.3	228.0	-0.647058823529	234.0	0.545454545456	228.0	-0.104938271606
234.0	0.3	234.0	0.852941176471	240.0	0.795454545456	234.0	1.6450617284
240.0	2.5	240.0	-0.647058823529	246.0	-0.704545454544	240.0	0.145061728394
246.0	-0.3	246.0	0.352941176471	252.0	1.54545454545	246.0	0.895061728394
252.0	1.5	252.0	2.35294117647	258.0	2.29545454545	252.0	0.645061728394
258.0	1.5	258.0	0.852941176471	264.0	1.29545454545	258.0	0.395061728394
264.0	0.9	264.0	1.35294117647	270.0	-0.454545454544	264.0	1.6450617284
270.0	0.5	270.0	1.35294117647	276.0	-0.954545454544	270.0	-0.104938271606
276.0	0.9	276.0	0.852941176471	282.0	-0.204545454544	276.0	-0.104938271606
282.0	0.7	282.0	-1.14705882353	288.0	0.295454545456	282.0	-0.854938271606
288.0	1.1	288.0	0.852941176471	294.0	0.0454545454559	288.0	1.1450617284
294.0	0.7	294.0	0.852941176471	300.0	-0.454545454544	294.0	-0.104938271606
300.0	0.7	300.0	-0.647058823529	306.0	0.295454545456	300.0	0.145061728394
306.0	1.5	306.0	-0.647058823529	312.0	-0.204545454544	306.0	1.1450617284
312.0	2.3	312.0	-0.147058823529	318.0	0.0454545454559	312.0	0.895061728394
318.0	3.7	318.0	-4.14705882353	324.0	0.0454545454559	318.0	-0.604938271606
324.0	4.7	324.0	-0.647058823529	330.0	-0.204545454544	324.0	-0.854938271606
330.0	7.9	330.0	0.852941176471	336.0	1.04545454545	330.0	-0.354938271606
336.0	10.9	336.0	-1.14705882353	342.0	-1.45454545455	336.0	0.395061728394
342.0	14.1	342.0	-0.147058823529	348.0	-0.454545454544	342.0	-0.604938271606
348.0	19.7	348.0	-0.647058823529	354.0	-0.204545454544	348.0	-1.1049382716
354.0	25.3	354.0	0.352941176471	360.0	-2.20454545455	354.0	-1.1049382716
360.0	33.7	360.0	-0.147058823529	366.0	0.0454545454559	360.0	0.395061728394
366.0	40.3	366.0	-0.647058823529	372.0	-1.45454545455	366.0	0.145061728394
372.0	48.7	372.0	-0.147058823529	378.0	-1.45454545455	372.0	-1.1049382716
378.0	57.3	378.0	-2.14705882353	384.0	-0.454545454544	378.0	-0.104938271606
384.0	66.5	384.0	-0.647058823529	390.0	-2.45454545455	384.0	-2.3549382716
390.0	73.3	390.0	0.352941176471	396.0	-0.454545454544	390.0	0.145061728394
396.0	84.5	396.0	-1.64705882353	402.0	-0.704545454544	396.0	-1.8549382716
402.0	97.9	402.0	-1.64705882353	408.0	-0.954545454544	402.0	-0.854938271606
408.0	109.3	408.0	-0.147058823529	414.0	-1.45454545455	408.0	0.395061728394
414.0	122.9	414.0	3.35294117647	420.0	-0.704545454544	414.0	1.6450617284
420.0	132.7	420.0	2.35294117647	426.0	-2.70454545455	420.0	-1.3549382716
426.0	144.5	426.0	5.35294117647	432.0	-1.45454545455	426.0	-0.604938271606
432.0	157.1	432.0	5.85294117647	438.0	-1.70454545455	432.0	0.895061728394
438.0	165.7	438.0	11.8529411765	444.0	-0.454545454544	438.0	1.6450617284
444.0	177.1	444.0	11.8529411765	450.0	-1.20454545455	444.0	0.145061728394
450.0	186.3	450.0	18.8529411765	456.0	-0.204545454544	450.0	-0.104938271606
456.0	209.1	456.0	22.8529411765	462.0	-1.20454545455	456.0	0.395061728394
462.0	218.7	462.0	28.3529411765	468.0	-2.20454545455	462.0	0.145061728394
468.0	229.3	468.0	33.8529411765	474.0	-1.20454545455	468.0	-2.8549382716
474.0	240.9	474.0	39.3529411765	480.0	-2.20454545455	474.0	-0.354938271606
480.0	255.7	480.0	45.3529411765	486.0	-0.454545454544	480.0	-0.604938271606
486.0	266.3	486.0	51.8529411765	492.0	-0.454545454544	486.0	-0.604938271606
492.0	277.1	492.0	56.8529411765	498.0	-0.954545454544	492.0	-1.1049382716
498.0	292.1	498.0	65.3529411765	504.0	-1.70454545455	498.0	-2.1049382716
504.0	299.3	504.0	74.8529411765	510.0	-1.45454545455	504.0	-2.1049382716
510.0	309.7	510.0	87.3529411765	516.0	-1.45454545455	510.0	-0.354938271606
516.0	319.9	516.0	108.852941176	522.0	-2.20454545455	516.0	-3.6049382716
522.0	328.9	522.0	135.352941176	528.0	0.0454545454559	522.0	-1.3549382716
528.0	338.5	528.0	157.852941176	534.0	-0.704545454544	528.0	-1.6049382716
534.0	345.9	534.0	182.852941176	540.0	1.29545454545	534.0	-1.3549382716
540.0	352.1	540.0	200.852941176	546.0	-0.204545454544	540.0	-0.604938271606
546.0	362.3	546.0	221.352941176	552.0	0.295454545456	546.0	-2.3549382716
552.0	364.7	552.0	234.352941176	558.0	-0.204545454544	552.0	-1.8549382716
558.0	372.1	558.0	265.352941176	564.0	1.29545454545	558.0	-0.854938271606
564.0	375.9	564.0	272.352941176	570.0	2.79545454545	564.0	-1.1049382716
570.0	384.5	570.0	286.352941176	576.0	2.54545454545	570.0	-1.8549382716
576.0	386.1	576.0	279.852941176	582.0	2.79545454545	576.0	-0.854938271606
582.0	388.9	582.0	285.852941176	588.0	5.04545454545	582.0	-1.3549382716
588.0	393.5	588.0	299.352941176	594.0	4.54545454545	588.0	-2.1049382716
594.0	396.1	594.0	294.352941176	600.0	7.04545454545	594.0	-0.604938271606
600.0	399.7	600.0	295.352941176	606.0	7.79545454545	600.0	-2.6049382716
606.0	401.7	606.0	308.852941176	612.0	10.2954545455	606.0	-1.6049382716
612.0	403.5	612.0	305.852941176	618.0	12.5454545455	612.0	-1.3549382716
618.0	404.5	618.0	313.852941176	624.0	14.7954545455	618.0	-1.1049382716
624.0	410.7	624.0	318.352941176	630.0	20.5454545455	624.0	-1.6049382716
630.0	409.1	630.0	318.352941176	636.0	25.2954545455	630.0	-2.6049382716
636.0	410.7	636.0	319.852941176	642.0	30.0454545455	636.0	-2.1049382716
642.0	406.9	642.0	319.852941176	648.0	37.0454545455	642.0	-1.1049382716
648.0	407.5	648.0	323.852941176	654.0	43.0454545455	648.0	-0.354938271606
654.0	410.1	654.0	325.852941176	660.0	49.0454545455	654.0	-1.8549382716
660.0	413.3	660.0	324.352941176	666.0	54.0454545455	660.0	-0.854938271606
666.0	411.9	666.0	319.852941176	672.0	59.7954545455	666.0	-1.8549382716
672.0	412.5	672.0	329.852941176	678.0	64.5454545455	672.0	-0.604938271606
678.0	413.1	678.0	331.852941176	684.0	66.5454545455	678.0	-1.8549382716
684.0	415.5	684.0	330.852941176	690.0	71.0454545455	684.0	-1.3549382716
690.0	412.9	690.0	332.852941176	696.0	73.5454545455	690.0	-0.854938271606
696.0	412.5	696.0	334.852941176	702.0	79.5454545455	696.0	-1.3549382716
702.0	413.9	702.0	332.852941176	708.0	79.7954545455	702.0	-1.6049382716
708.0	411.5	708.0	336.852941176	714.0	82.7954545455	708.0	-1.8549382716
714.0	413.3	714.0	337.852941176	720.0	89.0454545455	714.0	-0.354938271606
720.0	415.1	720.0	336.352941176	726.0	89.5454545455	720.0	-1.1049382716
726.0	414.5	726.0	336.852941176	732.0	94.0454545455	726.0	-0.604938271606
732.0	414.1	732.0	334.352941176	738.0	93.5454545455	732.0	-1.3549382716
738.0	419.7	738.0	334.352941176	744.0	97.5454545455	738.0	-1.1049382716
744.0	415.9	744.0	334.352941176	750.0	101.045454545	744.0	-1.6049382716
750.0	421.9	750.0	333.352941176	756.0	99.2954545455	750.0	-1.3549382716
756.0	414.5	756.0	331.852941176	762.0	101.545454545	756.0	0.395061728394
762.0	419.3	762.0	329.852941176	768.0	103.545454545	762.0	-2.1049382716
768.0	414.5	768.0	330.852941176	774.0	104.045454545	768.0	-2.1049382716
774.0	415.1	774.0	331.852941176	780.0	106.545454545	774.0	-0.604938271606
780.0	417.9	780.0	329.352941176	786.0	107.295454545	780.0	-0.854938271606
786.0	422.1	786.0	335.852941176	792.0	108.045454545	786.0	-0.604938271606
792.0	417.9	792.0	332.852941176	798.0	110.795454545	792.0	-0.104938271606
798.0	416.9	798.0	327.852941176	804.0	112.295454545	798.0	-1.3549382716
804.0	419.7	804.0	333.852941176	810.0	114.545454545	804.0	-0.604938271606
810.0	414.5	810.0	334.352941176	816.0	116.045454545	810.0	0.145061728394
816.0	414.1	816.0	330.352941176	822.0	121.045454545	816.0	-1.8549382716
822.0	414.5	822.0	326.352941176	828.0	121.795454545	822.0	-1.6049382716
828.0	413.5	828.0	333.352941176	834.0	124.045454545	828.0	-0.604938271606
834.0	415.3	834.0	329.852941176	840.0	126.545454545	834.0	-1.6049382716
840.0	414.5	840.0	332.352941176	846.0	130.545454545	840.0	-1.3549382716
846.0	415.3	846.0	332.352941176	852.0	135.795454545	846.0	-1.8549382716
852.0	416.5	852.0	328.852941176	858.0	139.045454545	852.0	0.145061728394
858.0	417.5	858.0	331.352941176	864.0	140.545454545	858.0	0.145061728394
864.0	414.1	864.0	330.852941176	870.0	143.045454545	864.0	-1.6049382716
870.0	413.7	870.0	330.352941176	876.0	145.545454545	870.0	0.895061728394
876.0	413.1	876.0	328.352941176	882.0	150.295454545	876.0	-0.604938271606
882.0	412.7	882.0	327.852941176	888.0	149.045454545	882.0	0.145061728394
888.0	414.7	888.0	328.352941176	894.0	148.795454545	888.0	-0.854938271606
894.0	417.3	894.0	324.352941176	900.0	149.295454545	894.0	-1.3549382716
900.0	416.7	900.0	330.352941176	906.0	150.295454545	900.0	-0.604938271606
906.0	414.3	906.0	324.852941176	912.0	151.045454545	906.0	-0.854938271606
912.0	416.3	912.0	329.352941176	918.0	151.795454545	912.0	-0.354938271606
918.0	414.1	918.0	324.352941176	924.0	150.795454545	918.0	0.145061728394
924.0	417.9	924.0	326.352941176	930.0	149.545454545	924.0	-0.104938271606
930.0	415.5	930.0	330.852941176	936.0	151.795454545	930.0	-1.3549382716
936.0	419.5	936.0	323.852941176	942.0	150.295454545	936.0	-0.354938271606
942.0	411.9	942.0	326.852941176	948.0	149.295454545	942.0	-0.104938271606
948.0	413.3	948.0	323.352941176	954.0	150.295454545	948.0	-0.104938271606
954.0	414.9	954.0	325.352941176	960.0	151.045454545	954.0	-0.354938271606
960.0	413.7	960.0	325.852941176	966.0	151.045454545	960.0	0.145061728394
966.0	412.7	966.0	324.352941176	972.0	151.545454545	966.0	-0.354938271606
972.0	412.7	972.0	323.852941176	978.0	150.545454545	972.0	1.6450617284
978.0	412.5	978.0	327.852941176	984.0	149.795454545	978.0	-1.3549382716
984.0	414.9	984.0	329.352941176	990.0	152.295454545	984.0	-0.604938271606
990.0	412.7	990.0	324.852941176	996.0	150.545454545	990.0	-0.854938271606
996.0	413.5	996.0	323.852941176	1002.0	151.795454545	996.0	-1.6049382716
1002.0	413.9	1002.0	325.352941176	1008.0	149.795454545	1002.0	-0.604938271606
1008.0	412.1	1008.0	325.352941176	1014.0	151.045454545	1008.0	-1.1049382716
1014.0	413.7	1014.0	321.352941176	1020.0	150.545454545	1014.0	-1.1049382716
1020.0	412.7	1020.0	322.352941176	1026.0	151.295454545	1020.0	0.145061728394
1026.0	412.9	1026.0	324.852941176	1032.0	151.545454545	1026.0	0.645061728394
1032.0	414.3	1032.0	324.352941176	1038.0	151.295454545	1032.0	0.895061728394
1038.0	411.1	1038.0	324.352941176	1044.0	152.545454545	1038.0	-0.104938271606
1044.0	412.1	1044.0	322.852941176	1050.0	152.045454545	1044.0	0.145061728394
1050.0	411.5	1050.0	325.352941176	1056.0	151.295454545	1050.0	-0.604938271606
1056.0	415.5	1056.0	325.352941176	1062.0	150.295454545	1056.0	0.145061728394
1062.0	418.5	1062.0	328.852941176	1068.0	151.045454545	1062.0	-0.854938271606
1068.0	417.3	1068.0	326.852941176	1074.0	153.045454545	1068.0	0.645061728394
1074.0	414.3	1074.0	326.852941176	1080.0	152.295454545	1074.0	-0.104938271606
1080.0	414.9	1080.0	323.852941176	1086.0	151.045454545	1080.0	-0.104938271606
1086.0	416.5	1086.0	325.852941176	1092.0	151.795454545	1086.0	1.1450617284
1092.0	411.9	1092.0	324.352941176	1098.0	152.795454545	1092.0	0.645061728394
1098.0	414.9	1098.0	328.852941176	1104.0	148.545454545	1098.0	-0.354938271606
1104.0	414.1	1104.0	324.852941176	1110.0	150.795454545	1104.0	-0.104938271606
1110.0	415.9	1110.0	326.352941176	1116.0	150.545454545	1110.0	0.395061728394
1116.0	416.3	1116.0	325.352941176	1122.0	151.295454545	1116.0	0.145061728394
1122.0	414.7	1122.0	322.852941176	1128.0	150.545454545	1122.0	0.895061728394
1128.0	415.5	1128.0	326.852941176	1134.0	152.295454545	1128.0	-1.3549382716
1134.0	414.3	1134.0	325.852941176	1140.0	152.795454545	1134.0	1.1450617284
1140.0	416.1	1140.0	326.852941176	1146.0	152.045454545	1140.0	0.145061728394
1146.0	415.3	1146.0	325.352941176	1152.0	152.545454545	1146.0	0.645061728394
1152.0	415.3	1152.0	327.852941176	1158.0	153.045454545	1152.0	0.145061728394
1158.0	412.9	1158.0	328.352941176	1164.0	151.795454545	1158.0	0.895061728394
1164.0	413.3	1164.0	326.352941176	1170.0	152.795454545	1164.0	1.1450617284
1170.0	414.5	1170.0	325.352941176	1176.0	154.045454545	1170.0	0.395061728394
1176.0	415.9	1176.0	329.852941176	1182.0	152.295454545	1176.0	1.3950617284
1182.0	416.7	1182.0	328.852941176	1188.0	151.545454545	1182.0	0.145061728394
1188.0	414.3	1188.0	328.852941176	1194.0	153.045454545	1188.0	0.395061728394
1194.0	413.5	1194.0	326.352941176	1200.0	152.045454545	1194.0	1.8950617284
1200.0	415.1	1200.0	327.852941176	1206.0	151.045454545	1200.0	1.6450617284
1206.0	412.5	1206.0	323.852941176	1212.0	152.795454545	1206.0	1.3950617284
1212.0	415.1	1212.0	327.852941176	1218.0	154.295454545	1212.0	2.8950617284
1218.0	420.1	1218.0	326.852941176	1224.0	153.545454545	1218.0	2.8950617284
1224.0	419.5	1224.0	326.352941176	1230.0	152.545454545	1224.0	-0.604938271606
1230.0	416.5	1230.0	325.852941176	1236.0	151.545454545	1230.0	1.8950617284
1236.0	414.3	1236.0	322.352941176	1242.0	152.045454545	1236.0	0.895061728394
1242.0	414.1	1242.0	325.352941176	1248.0	152.045454545	1242.0	0.395061728394
1248.0	413.1	1248.0	324.352941176	1254.0	152.795454545	1248.0	1.6450617284
1254.0	414.3	1254.0	326.852941176	1260.0	152.045454545	1254.0	3.1450617284
1260.0	413.5	1260.0	326.352941176	1266.0	151.545454545	1260.0	2.8950617284
1266.0	413.1	1266.0	325.852941176	1272.0	152.795454545	1266.0	3.8950617284
1272.0	414.1	1272.0	323.852941176	1278.0	151.045454545	1272.0	4.3950617284
1278.0	413.7	1278.0	323.852941176	1284.0	152.295454545	1278.0	6.3950617284
1284.0	412.9	1284.0	327.352941176	1290.0	152.045454545	1284.0	7.8950617284
1290.0	413.5	1290.0	325.352941176	1296.0	152.795454545	1290.0	9.1450617284
1296.0	414.7	1296.0	324.352941176	1302.0	152.295454545	1296.0	8.1450617284
1302.0	415.3	1302.0	324.852941176	1308.0	154.045454545	1302.0	11.1450617284
1308.0	414.1	1308.0	322.852941176	1314.0	150.545454545	1308.0	11.8950617284
1314.0	414.3	1314.0	327.852941176	1320.0	150.795454545	1314.0	12.3950617284
1320.0	415.7	1320.0	327.352941176	1326.0	151.545454545	1320.0	12.6450617284
1326.0	412.3	1326.0	326.352941176	1332.0	152.045454545	1326.0	17.6450617284
1332.0	415.1	1332.0	322.852941176	1338.0	151.295454545	1332.0	17.8950617284
1338.0	412.3	1338.0	322.352941176	1344.0	150.795454545	1338.0	18.3950617284
1344.0	412.9	1344.0	324.852941176	1350.0	151.545454545	1344.0	20.8950617284
1350.0	415.5	1350.0	327.352941176	1356.0	151.545454545	1350.0	22.8950617284
1356.0	414.9	1356.0	324.352941176	1362.0	149.045454545	1356.0	23.8950617284
1362.0	413.7	1362.0	324.352941176	1368.0	151.545454545	1362.0	23.1450617284
1368.0	412.9	1368.0	327.352941176	1374.0	151.295454545	1368.0	24.3950617284
1374.0	414.3	1374.0	322.852941176	1380.0	151.295454545	1374.0	27.1450617284
1380.0	416.1	1380.0	326.852941176	1386.0	150.795454545	1380.0	26.3950617284
1386.0	413.5	1386.0	325.852941176	1392.0	152.045454545	1386.0	27.6450617284
1392.0	409.9	1392.0	321.352941176	1398.0	151.795454545	1392.0	28.6450617284
1398.0	413.7	1398.0	324.352941176	1404.0	151.545454545	1398.0	29.3950617284
1404.0	412.3	1404.0	321.852941176	1410.0	151.545454545	1404.0	29.8950617284
1410.0	411.7	1410.0	322.352941176	1416.0	150.795454545	1410.0	30.6450617284
1416.0	410.9	1416.0	325.352941176	1422.0	150.045454545	1416.0	30.6450617284
1422.0	415.7	1422.0	324.852941176	1428.0	150.295454545	1422.0	31.3950617284
1428.0	413.5	1428.0	325.852941176	1434.0	151.545454545	1428.0	32.8950617284
1434.0	417.3	1434.0	327.852941176	1440.0	151.545454545	1434.0	34.1450617284
1440.0	410.9	1440.0	323.352941176	1446.0	150.795454545	1440.0	34.1450617284
1446.0	414.3	1446.0	326.852941176	1452.0	152.545454545	1446.0	32.8950617284
1452.0	414.7	1452.0	326.352941176	1458.0	150.795454545	1452.0	35.1450617284
1458.0	413.1	1458.0	324.852941176	1464.0	149.795454545	1458.0	34.6450617284
1464.0	410.1	1464.0	324.352941176	1470.0	151.795454545	1464.0	35.8950617284
1470.0	412.1	1470.0	324.352941176	1476.0	151.545454545	1470.0	35.8950617284
1476.0	411.9	1476.0	322.352941176	1482.0	150.545454545	1476.0	37.6450617284
1482.0	412.3	1482.0	324.352941176	1488.0	150.295454545	1482.0	37.6450617284
1488.0	409.7	1488.0	324.352941176	1494.0	150.295454545	1488.0	38.6450617284
1494.0	410.1	1494.0	321.352941176	1500.0	150.045454545	1494.0	36.6450617284
1500.0	411.7	1500.0	321.352941176	1506.0	149.795454545	1500.0	37.3950617284
1506.0	411.3	1506.0	320.852941176	1512.0	150.795454545	1506.0	36.6450617284
1512.0	412.3	1512.0	322.352941176	1518.0	150.295454545	1512.0	38.1450617284
1518.0	411.7	1518.0	321.352941176	1524.0	150.545454545	1518.0	40.1450617284
1524.0	417.3	1524.0	323.852941176	1530.0	148.795454545	1524.0	39.8950617284
1530.0	410.3	1530.0	323.852941176	1536.0	149.295454545	1530.0	39.3950617284
1536.0	412.3	1536.0	325.352941176	1542.0	151.295454545	1536.0	38.3950617284
1542.0	412.1	1542.0	322.852941176	1548.0	150.545454545	1542.0	39.6450617284
1548.0	410.1	1548.0	323.352941176	1554.0	149.295454545	1548.0	39.3950617284
1554.0	411.9	1554.0	324.852941176	1560.0	150.295454545	1554.0	38.6450617284
1560.0	411.3	1560.0	324.852941176	1566.0	150.795454545	1560.0	39.3950617284
1566.0	410.7	1566.0	323.852941176	1572.0	150.045454545	1566.0	38.8950617284
1572.0	409.7	1572.0	321.352941176	1578.0	152.295454545	1572.0	39.8950617284
1578.0	409.5	1578.0	324.852941176	1584.0	150.545454545	1578.0	39.8950617284
1584.0	412.3	1584.0	322.852941176	1590.0	151.045454545	1584.0	39.8950617284
1590.0	411.3	1590.0	326.352941176	1596.0	151.045454545	1590.0	41.1450617284
1596.0	410.7	1596.0	323.352941176	1602.0	149.795454545	1596.0	39.1450617284
1602.0	410.5	1602.0	320.352941176	1608.0	150.545454545	1602.0	39.8950617284
1608.0	411.3	1608.0	323.852941176	1614.0	152.045454545	1608.0	40.6450617284
1614.0	410.3	1614.0	323.852941176	1620.0	148.545454545	1614.0	40.6450617284
1620.0	413.1	1620.0	324.852941176	1626.0	148.295454545	1620.0	40.1450617284
1626.0	411.3	1626.0	326.352941176	1632.0	152.795454545	1626.0	39.3950617284
1632.0	414.3	1632.0	328.352941176	1638.0	149.045454545	1632.0	40.6450617284
1638.0	412.1	1638.0	320.852941176	1644.0	149.295454545	1638.0	41.6450617284
1644.0	414.3	1644.0	326.852941176	1650.0	151.045454545	1644.0	40.6450617284
1650.0	413.7	1650.0	325.352941176	1656.0	149.295454545	1650.0	40.1450617284
1656.0	411.3	1656.0	323.352941176	1662.0	150.295454545	1656.0	42.1450617284
1662.0	412.3	1662.0	325.352941176	1668.0	152.795454545	1662.0	40.1450617284
1668.0	420.7	1668.0	326.852941176	1674.0	150.295454545	1668.0	40.6450617284
1674.0	415.1	1674.0	323.852941176	1680.0	151.545454545	1674.0	39.1450617284
1680.0	414.1	1680.0	320.352941176	1686.0	151.795454545	1680.0	40.3950617284
1686.0	411.7	1686.0	322.352941176	1692.0	150.045454545	1686.0	39.6450617284
1692.0	413.9	1692.0	323.352941176	1698.0	151.545454545	1692.0	40.6450617284
1698.0	414.7	1698.0	324.852941176	1704.0	148.795454545	1698.0	40.3950617284
1704.0	413.7	1704.0	324.352941176	1710.0	151.795454545	1704.0	39.8950617284
1710.0	417.7	1710.0	324.852941176	1716.0	151.295454545	1710.0	40.8950617284
1716.0	412.5	1716.0	325.852941176	1722.0	150.295454545	1716.0	40.3950617284
1722.0	411.7	1722.0	323.352941176	1728.0	150.795454545	1722.0	42.6450617284
1728.0	411.7	1728.0	322.352941176	1734.0	149.545454545	1728.0	40.1450617284
1734.0	411.1	1734.0	320.852941176	1740.0	149.795454545	1734.0	41.8950617284
1740.0	412.5	1740.0	323.852941176	1746.0	150.295454545	1740.0	40.6450617284
1746.0	410.9	1746.0	323.852941176	1752.0	150.545454545	1746.0	40.1450617284
1752.0	412.1	1752.0	325.352941176	1758.0	151.545454545	1752.0	40.8950617284
1758.0	412.7	1758.0	323.852941176	1764.0	150.545454545	1758.0	39.6450617284
1764.0	412.1	1764.0	324.852941176	1770.0	150.045454545	1764.0	41.8950617284
1770.0	412.3	1770.0	324.852941176	1776.0	151.295454545	1770.0	41.3950617284
1776.0	410.9	1776.0	323.352941176	1782.0	150.295454545	1776.0	39.8950617284
1782.0	412.5	1782.0	326.352941176	1788.0	150.045454545	1782.0	39.6450617284
1788.0	417.3	1788.0	324.852941176	1794.0	148.795454545	1788.0	40.3950617284
1794.0	410.3	1794.0	327.352941176	1800.0	150.295454545	1794.0	41.3950617284
1800.0	413.5	1800.0	325.852941176	1806.0	150.045454545	1800.0	41.3950617284
1806.0	412.1	1806.0	329.352941176	1812.0	150.795454545	1806.0	41.8950617284
1812.0	410.1	1812.0	325.352941176	1818.0	150.545454545	1812.0	40.3950617284
1818.0	412.9	1818.0	326.852941176	1824.0	149.795454545	1818.0	41.6450617284
1824.0	411.3	1824.0	323.852941176	1830.0	148.795454545	1824.0	41.6450617284
1830.0	411.3	1830.0	320.852941176	1836.0	150.045454545	1830.0	40.6450617284
1836.0	410.7	1836.0	323.852941176	1842.0	149.545454545	1836.0	40.8950617284
1842.0	411.9	1842.0	324.852941176	1848.0	150.045454545	1842.0	41.6450617284
1848.0	410.7	1848.0	324.852941176	1854.0	150.795454545	1848.0	42.8950617284
1854.0	413.3	1854.0	323.352941176	1860.0	149.545454545	1854.0	41.8950617284
1860.0	413.7	1860.0	322.852941176	1866.0	150.795454545	1860.0	41.8950617284
1866.0	413.7	1866.0	329.352941176	1872.0	149.295454545	1866.0	42.8950617284
1872.0	411.3	1872.0	324.852941176	1878.0	149.545454545	1872.0	42.8950617284
1878.0	410.9	1878.0	323.852941176	1884.0	149.795454545	1878.0	41.6450617284
1884.0	413.1	1884.0	327.852941176	1890.0	149.545454545	1884.0	42.6450617284
1890.0	412.9	1890.0	325.852941176	1896.0	151.045454545	1890.0	41.8950617284
1896.0	410.5	1896.0	324.852941176	1902.0	149.295454545	1896.0	41.1450617284
1902.0	412.1	1902.0	326.852941176	1908.0	148.795454545	1902.0	41.8950617284
1908.0	414.7	1908.0	327.852941176	1914.0	149.795454545	1908.0	41.6450617284
1914.0	414.1	1914.0	325.852941176	1920.0	150.295454545	1914.0	41.6450617284
1920.0	412.5	1920.0	324.352941176	1926.0	149.795454545	1920.0	41.3950617284
1926.0	413.1	1926.0	323.852941176	1932.0	151.545454545	1926.0	41.6450617284
1932.0	413.9	1932.0	324.852941176	1938.0	150.045454545	1932.0	41.6450617284
1938.0	410.1	1938.0	321.852941176	1944.0	149.545454545	1938.0	42.3950617284
1944.0	411.7	1944.0	322.852941176	1950.0	148.545454545	1944.0	42.8950617284
1950.0	413.5	1950.0	321.352941176	1956.0	149.045454545	1950.0	42.3950617284
1956.0	411.7	1956.0	320.852941176	1962.0	150.795454545	1956.0	42.1450617284
1962.0	412.7	1962.0	322.852941176	1968.0	150.295454545	1962.0	43.1450617284
1968.0	415.9	1968.0	326.852941176	1974.0	148.295454545	1968.0	43.6450617284
1974.0	415.7	1974.0	320.352941176	1980.0	148.545454545	1974.0	42.6450617284
1980.0	412.1	1980.0	323.352941176	1986.0	150.545454545	1980.0	42.1450617284
1986.0	411.3	1986.0	327.352941176	1992.0	149.795454545	1986.0	42.1450617284
1992.0	411.9	1992.0	326.352941176	1998.0	149.045454545	1992.0	41.8950617284
1998.0	409.7	1998.0	325.352941176	2004.0	150.295454545	1998.0	42.6450617284
2004.0	411.5	2004.0	321.352941176	2010.0	149.795454545	2004.0	42.8950617284
2010.0	416.3	2010.0	326.352941176	2016.0	149.795454545	2010.0	43.6450617284
2016.0	412.5	2016.0	324.352941176	2022.0	147.045454545	2016.0	42.3950617284
2022.0	411.9	2022.0	325.852941176	2028.0	149.295454545	2022.0	42.3950617284
2028.0	411.3	2028.0	322.852941176	2034.0	149.795454545	2028.0	43.8950617284
2034.0	411.1	2034.0	320.352941176	2040.0	150.545454545	2034.0	42.1450617284
2040.0	411.9	2040.0	328.852941176	2046.0	150.545454545	2040.0	46.1450617284
2046.0	410.9	2046.0	325.852941176	2052.0	149.545454545	2046.0	43.3950617284
2052.0	414.1	2052.0	328.852941176	2058.0	149.795454545	2052.0	43.3950617284
2058.0	410.5	2058.0	324.352941176	2064.0	149.295454545	2058.0	42.3950617284
2064.0	413.3	2064.0	325.852941176	2070.0	149.045454545	2064.0	43.3950617284
2070.0	410.5	2070.0	322.852941176	2076.0	150.045454545	2070.0	43.1450617284
2076.0	412.3	2076.0	323.852941176	2082.0	150.045454545	2076.0	42.8950617284
2082.0	411.7	2082.0	322.352941176	2088.0	150.545454545	2082.0	42.8950617284
2088.0	410.1	2088.0	326.352941176	2094.0	150.295454545	2088.0	43.1450617284
2094.0	409.3	2094.0	320.852941176	2100.0	150.795454545	2094.0	43.8950617284
2100.0	409.9	2100.0	324.352941176	2106.0	149.045454545	2100.0	42.8950617284
2106.0	411.7	2106.0	322.352941176	2112.0	150.045454545	2106.0	43.1450617284
2112.0	408.1	2112.0	321.352941176	2118.0	148.295454545	2112.0	42.8950617284
2118.0	412.7	2118.0	325.852941176	2124.0	148.545454545	2118.0	42.3950617284
2124.0	409.7	2124.0	325.852941176	2130.0	150.295454545	2124.0	42.8950617284
2130.0	409.1	2130.0	321.852941176	2136.0	149.295454545	2130.0	41.8950617284
2136.0	413.5	2136.0	320.352941176	2142.0	147.795454545	2136.0	43.3950617284
2142.0	411.5	2142.0	323.352941176	2148.0	148.045454545	2142.0	44.1450617284
2148.0	410.5	2148.0	326.352941176	2154.0	149.295454545	2148.0	41.1450617284
2154.0	412.1	2154.0	323.852941176	2160.0	148.795454545	2154.0	43.1450617284
2160.0	411.1	2160.0	324.852941176	2166.0	149.045454545	2160.0	42.1450617284
2166.0	409.3	2166.0	320.352941176	2172.0	149.795454545	2166.0	41.3950617284
2172.0	411.5	2172.0	321.852941176	2178.0	149.295454545	2172.0	44.1450617284
2178.0	409.9	2178.0	321.352941176	2184.0	149.295454545	2178.0	41.8950617284
2184.0	413.9	2184.0	325.852941176	2190.0	150.795454545	2184.0	43.3950617284
2190.0	414.9	2190.0	324.852941176	2196.0	148.545454545	2190.0	42.6450617284
2196.0	411.1	2196.0	321.352941176	2202.0	148.795454545	2196.0	42.6450617284
2202.0	409.9	2202.0	320.852941176	2208.0	150.045454545	2202.0	42.6450617284
2208.0	408.7	2208.0	319.852941176	2214.0	148.045454545	2208.0	41.3950617284
2214.0	408.3	2214.0	321.852941176	2220.0	149.795454545	2214.0	43.3950617284
2220.0	411.9	2220.0	322.852941176	2226.0	149.795454545	2220.0	43.1450617284
2226.0	412.3	2226.0	325.852941176	2232.0	147.545454545	2226.0	43.1450617284
2232.0	409.1	2232.0	323.852941176	2238.0	148.795454545	2232.0	41.6450617284
2238.0	409.3	2238.0	321.352941176	2244.0	149.295454545	2238.0	43.8950617284
2244.0	408.9	2244.0	322.352941176	2250.0	148.295454545	2244.0	43.8950617284
2250.0	411.9	2250.0	325.352941176	2256.0	147.545454545	2250.0	42.8950617284
2256.0	408.5	2256.0	320.852941176	2262.0	148.045454545	2256.0	43.6450617284
2262.0	410.3	2262.0	324.352941176	2268.0	150.045454545	2262.0	42.8950617284
2268.0	408.5	2268.0	325.852941176	2274.0	149.795454545	2268.0	44.6450617284
2274.0	410.5	2274.0	324.852941176	2280.0	149.545454545	2274.0	42.8950617284
2280.0	406.1	2280.0	320.852941176	2286.0	150.295454545	2280.0	43.6450617284
2286.0	412.7	2286.0	324.352941176	2292.0	148.045454545	2286.0	42.8950617284
2292.0	408.3	2292.0	320.352941176	2298.0	149.295454545	2292.0	43.1450617284
2298.0	409.7	2298.0	323.352941176	2304.0	149.045454545	2298.0	44.3950617284
2304.0	407.9	2304.0	319.852941176	2310.0	148.295454545	2304.0	42.6450617284
2310.0	406.5	2310.0	320.352941176	2316.0	148.795454545	2310.0	43.8950617284
2316.0	411.3	2316.0	324.852941176	2322.0	150.045454545	2316.0	43.1450617284
2322.0	409.3	2322.0	319.852941176	2328.0	148.795454545	2322.0	43.3950617284
2328.0	411.9	2328.0	321.852941176	2334.0	150.045454545	2328.0	43.3950617284
2334.0	409.7	2334.0	320.352941176	2340.0	149.045454545	2334.0	44.8950617284
2340.0	409.3	2340.0	318.352941176	2346.0	149.545454545	2340.0	42.8950617284
2346.0	409.9	2346.0	320.852941176	2352.0	148.545454545	2346.0	42.3950617284
2352.0	408.3	2352.0	317.352941176	2358.0	149.795454545	2352.0	43.3950617284
2358.0	411.9	2358.0	323.352941176	2364.0	148.545454545	2358.0	42.1450617284
2364.0	410.5	2364.0	322.852941176	2370.0	148.045454545	2364.0	43.6450617284
2370.0	409.9	2370.0	316.352941176	2376.0	148.295454545	2370.0	42.6450617284
2376.0	408.5	2376.0	315.352941176	2382.0	147.045454545	2376.0	41.6450617284
2382.0	404.1	2382.0	315.852941176	2388.0	146.045454545	2382.0	42.3950617284
2388.0	405.9	2388.0	318.852941176	2394.0	146.045454545	2388.0	42.8950617284
2394.0	411.1	2394.0	320.852941176	2400.0	149.545454545	2394.0	43.3950617284
2400.0	403.3	2400.0	319.352941176	2406.0	147.545454545	2400.0	43.6450617284
2406.0	403.7	2406.0	317.352941176	2412.0	146.045454545	2406.0	42.6450617284
2412.0	400.5	2412.0	318.352941176	2418.0	148.295454545	2412.0	43.3950617284
2418.0	406.5	2418.0	319.852941176	2424.0	146.795454545	2418.0	42.3950617284
2424.0	402.1	2424.0	315.352941176	2430.0	145.045454545	2424.0	43.8950617284
2430.0	405.7	2430.0	316.852941176	2436.0	147.045454545	2430.0	43.6450617284
2436.0	404.3	2436.0	318.352941176	2442.0	147.295454545	2436.0	44.3950617284
2442.0	402.3	2442.0	317.852941176	2448.0	147.545454545	2442.0	44.6450617284
2448.0	400.3	2448.0	312.352941176	2454.0	147.045454545	2448.0	42.8950617284
2454.0	402.9	2454.0	316.852941176	2460.0	146.295454545	2454.0	43.8950617284
2460.0	403.5	2460.0	316.352941176	2466.0	146.795454545	2460.0	42.8950617284
2466.0	406.1	2466.0	313.852941176	2472.0	148.795454545	2466.0	42.3950617284
2472.0	403.1	2472.0	315.852941176	2478.0	145.295454545	2472.0	43.6450617284
2478.0	401.9	2478.0	311.352941176	2484.0	147.545454545	2478.0	43.6450617284
2484.0	401.9	2484.0	320.852941176	2490.0	147.295454545	2484.0	44.1450617284
2490.0	403.1	2490.0	315.852941176	2496.0	148.045454545	2490.0	44.3950617284
2496.0	403.9	2496.0	315.852941176	2502.0	146.545454545	2496.0	42.8950617284
2502.0	397.9	2502.0	313.852941176	2508.0	145.295454545	2502.0	42.3950617284
2508.0	403.1	2508.0	317.352941176	2514.0	146.045454545	2508.0	42.3950617284
2514.0	401.7	2514.0	318.852941176	2520.0	147.795454545	2514.0	43.6450617284
2520.0	399.3	2520.0	310.852941176	2526.0	146.545454545	2520.0	43.6450617284
2526.0	400.3	2526.0	311.852941176	2532.0	146.045454545	2526.0	42.3950617284
2532.0	402.9	2532.0	318.852941176	2538.0	145.295454545	2532.0	43.8950617284
2538.0	400.1	2538.0	317.352941176	2544.0	146.295454545	2538.0	43.1450617284
2544.0	399.9	2544.0	315.352941176	2550.0	146.295454545	2544.0	43.3950617284
2550.0	399.3	2550.0	316.352941176	2556.0	147.295454545	2550.0	44.1450617284
2556.0	400.1	2556.0	310.352941176	2562.0	146.295454545	2556.0	44.3950617284
2562.0	399.7	2562.0	310.352941176	2568.0	146.795454545	2562.0	43.8950617284
2568.0	402.3	2568.0	317.852941176	2574.0	146.795454545	2568.0	44.3950617284
2574.0	404.7	2574.0	316.352941176	2580.0	147.045454545	2574.0	43.8950617284
2580.0	400.7	2580.0	315.352941176	2586.0	147.295454545	2580.0	43.3950617284
2586.0	399.7	2586.0	314.852941176	2592.0	146.045454545	2586.0	43.3950617284
2592.0	398.1	2592.0	310.852941176	2598.0	147.795454545	2592.0	43.1450617284
2598.0	397.9	2598.0	312.352941176	2604.0	145.795454545	2598.0	43.1450617284
2604.0	396.5	2604.0	316.852941176	2610.0	146.795454545	2604.0	43.6450617284
2610.0	398.7	2610.0	313.852941176	2616.0	147.545454545	2610.0	43.3950617284
2616.0	400.1	2616.0	315.352941176	2622.0	146.295454545	2616.0	45.1450617284
2622.0	399.5	2622.0	313.352941176	2628.0	147.545454545	2622.0	43.8950617284
2628.0	399.3	2628.0	316.852941176	2634.0	146.795454545	2628.0	42.1450617284
2634.0	398.7	2634.0	316.852941176	2640.0	146.045454545	2634.0	43.6450617284
2640.0	398.1	2640.0	312.352941176	2646.0	146.545454545	2640.0	42.6450617284
2646.0	399.7	2646.0	308.852941176	2652.0	146.295454545	2646.0	42.3950617284
2652.0	398.9	2652.0	308.352941176	2658.0	147.045454545	2652.0	43.6450617284
2658.0	402.5	2658.0	315.352941176	2664.0	146.295454545	2658.0	43.1450617284
2664.0	400.3	2664.0	311.352941176	2670.0	146.545454545	2664.0	44.3950617284
2670.0	400.5	2670.0	314.352941176	2676.0	146.295454545	2670.0	43.3950617284
2676.0	399.3	2676.0	317.852941176	2682.0	148.045454545	2676.0	44.6450617284
2682.0	396.7	2682.0	315.352941176	2688.0	147.545454545	2682.0	44.6450617284
2688.0	398.5	2688.0	315.352941176	2694.0	145.545454545	2688.0	42.6450617284
2694.0	399.7	2694.0	317.352941176	2700.0	146.295454545	2694.0	43.3950617284
2700.0	396.5	2700.0	314.852941176	2706.0	146.045454545	2700.0	44.1450617284
2706.0	400.1	2706.0	315.352941176	2712.0	146.795454545	2706.0	44.1450617284
2712.0	397.7	2712.0	315.852941176	2718.0	146.295454545	2712.0	43.3950617284
2718.0	397.9	2718.0	313.852941176	2724.0	145.795454545	2718.0	43.3950617284
2724.0	397.5	2724.0	316.852941176	2730.0	144.795454545	2724.0	44.3950617284
2730.0	398.1	2730.0	315.852941176	2736.0	145.795454545	2730.0	44.1450617284
2736.0	398.9	2736.0	316.352941176	2742.0	147.045454545	2736.0	43.8950617284
2742.0	399.9	2742.0	316.352941176	2748.0	145.545454545	2742.0	43.3950617284
2748.0	398.5	2748.0	314.352941176	2754.0	145.795454545	2748.0	43.6450617284
2754.0	397.9	2754.0	309.852941176	2760.0	146.795454545	2754.0	42.8950617284
2760.0	396.9	2760.0	310.352941176	2766.0	147.295454545	2760.0	44.8950617284
2766.0	399.3	2766.0	313.352941176	2772.0	146.045454545	2766.0	44.1450617284
2772.0	394.5	2772.0	309.852941176	2778.0	147.045454545	2772.0	43.8950617284
2778.0	396.5	2778.0	317.352941176	2784.0	147.295454545	2778.0	42.6450617284
2784.0	398.1	2784.0	316.852941176	2790.0	147.045454545	2784.0	43.1450617284
2790.0	397.1	2790.0	316.852941176	2796.0	144.795454545	2790.0	43.3950617284
2796.0	397.3	2796.0	307.852941176	2802.0	147.295454545	2796.0	43.8950617284
2802.0	397.7	2802.0	312.352941176	2808.0	146.295454545	2802.0	43.3950617284
2808.0	395.5	2808.0	314.352941176	2814.0	145.545454545	2808.0	44.8950617284
2814.0	398.5	2814.0	314.352941176	2820.0	147.795454545	2814.0	44.3950617284
2820.0	396.1	2820.0	314.852941176	2826.0	147.045454545	2820.0	44.1450617284
2826.0	400.9	2826.0	312.852941176	2832.0	148.045454545	2826.0	42.6450617284
2832.0	397.5	2832.0	314.352941176	2838.0	147.795454545	2832.0	45.1450617284
2838.0	396.7	2838.0	313.352941176	2844.0	147.045454545	2838.0	43.8950617284
2844.0	396.1	2844.0	313.352941176	2850.0	146.045454545	2844.0	43.8950617284
2850.0	395.9	2850.0	312.852941176	2856.0	145.795454545	2850.0	43.3950617284
2856.0	393.7	2856.0	313.852941176	2862.0	146.295454545	2856.0	43.3950617284
2862.0	398.3	2862.0	313.852941176	2868.0	146.295454545	2862.0	46.1450617284
2868.0	395.7	2868.0	308.852941176	2874.0	146.295454545	2868.0	43.6450617284
2874.0	395.1	2874.0	309.352941176	2880.0	147.045454545	2874.0	43.6450617284
2880.0	393.5	2880.0	314.852941176	2886.0	146.045454545	2880.0	43.3950617284
2886.0	397.3	2886.0	311.352941176	2892.0	145.045454545	2886.0	44.3950617284
2892.0	394.9	2892.0	310.352941176	2898.0	146.545454545	2892.0	44.3950617284
2898.0	396.1	2898.0	313.352941176	2904.0	145.795454545	2898.0	42.6450617284
2904.0	394.9	2904.0	313.852941176	2910.0	147.295454545	2904.0	43.1450617284
2910.0	397.1	2910.0	310.352941176	2916.0	146.545454545	2910.0	44.1450617284
2916.0	394.9	2916.0	313.352941176	2922.0	145.295454545	2916.0	43.8950617284
2922.0	396.5	2922.0	312.852941176	2928.0	147.045454545	2922.0	45.6450617284
2928.0	394.7	2928.0	313.352941176	2934.0	145.545454545	2928.0	44.1450617284
2934.0	395.9	2934.0	311.352941176	2940.0	147.545454545	2934.0	43.1450617284
2940.0	394.9	2940.0	313.852941176	2946.0	146.545454545	2940.0	44.3950617284
2946.0	394.9	2946.0	308.352941176	2952.0	146.045454545	2946.0	44.3950617284
2952.0	394.1	2952.0	310.852941176	2958.0	147.045454545	2952.0	44.6450617284
2958.0	399.9	2958.0	312.852941176	2964.0	145.045454545	2958.0	42.8950617284
2964.0	395.7	2964.0	315.852941176	2970.0	144.545454545	2964.0	42.6450617284
2970.0	397.3	2970.0	308.352941176	2976.0	145.795454545	2970.0	43.3950617284
2976.0	396.3	2976.0	313.852941176	2982.0	146.045454545	2976.0	45.1450617284
2982.0	393.9	2982.0	313.352941176	2988.0	145.045454545	2982.0	43.1450617284
2988.0	397.9	2988.0	313.852941176	2994.0	146.795454545	2988.0	43.1450617284
2994.0	399.7	2994.0	314.352941176	3000.0	147.045454545	2994.0	43.6450617284
3000.0	400.1	3000.0	316.352941176	3006.0	145.545454545	3000.0	44.6450617284
3006.0	396.7	3006.0	309.352941176	3012.0	145.545454545	3006.0	43.3950617284
3012.0	399.7	3012.0	315.852941176	3018.0	146.295454545	3012.0	43.3950617284
3018.0	396.3	3018.0	312.352941176	3024.0	146.545454545	3018.0	43.6450617284
3024.0	399.5	3024.0	317.352941176	3030.0	146.545454545	3024.0	43.8950617284
3030.0	402.1	3030.0	314.852941176	3036.0	145.545454545	3030.0	42.3950617284
3036.0	400.3	3036.0	313.852941176	3042.0	145.795454545	3036.0	42.6450617284
3042.0	401.7	3042.0	313.852941176	3048.0	145.545454545	3042.0	42.3950617284
3048.0	397.9	3048.0	312.852941176	3054.0	146.795454545	3048.0	42.6450617284
3054.0	397.9	3054.0	311.852941176	3060.0	144.795454545	3054.0	44.6450617284
3060.0	398.5	3060.0	311.352941176	3066.0	146.045454545	3060.0	42.6450617284
3066.0	398.1	3066.0	312.352941176	3072.0	147.045454545	3066.0	45.3950617284
3072.0	394.9	3072.0	308.352941176	3078.0	146.795454545	3072.0	44.8950617284
3078.0	397.5	3078.0	310.352941176	3084.0	145.295454545	3078.0	43.6450617284
3084.0	398.9	3084.0	312.352941176	3090.0	146.545454545	3084.0	43.8950617284
3090.0	398.1	3090.0	312.352941176	3096.0	146.545454545	3090.0	42.3950617284
3096.0	396.5	3096.0	314.352941176	3102.0	145.545454545	3096.0	44.3950617284
3102.0	396.9	3102.0	313.852941176	3108.0	145.545454545	3102.0	43.6450617284
3108.0	400.9	3108.0	315.852941176	3114.0	145.045454545	3108.0	42.1450617284
3114.0	400.5	3114.0	312.852941176	3120.0	146.045454545	3114.0	44.1450617284
3120.0	398.9	3120.0	312.352941176	3126.0	145.295454545	3120.0	43.3950617284
3126.0	399.3	3126.0	309.852941176	3132.0	145.045454545	3126.0	44.6450617284
3132.0	399.3	3132.0	316.852941176	3138.0	145.045454545	3132.0	43.3950617284
3138.0	398.7	3138.0	312.852941176	3144.0	146.545454545	3138.0	43.1450617284
3144.0	395.1	3144.0	310.852941176	3150.0	144.795454545	3144.0	43.6450617284
3150.0	399.3	3150.0	314.352941176	3156.0	146.545454545	3150.0	42.3950617284
3156.0	398.5	3156.0	318.352941176	3162.0	146.545454545	3156.0	44.1450617284
3162.0	400.5	3162.0	313.852941176	3168.0	145.795454545	3162.0	43.8950617284
3168.0	399.3	3168.0	311.852941176	3174.0	144.295454545	3168.0	40.6450617284
3174.0	399.9	3174.0	312.352941176	3180.0	145.545454545	3174.0	44.1450617284
3180.0	400.9	3180.0	311.852941176	3186.0	146.295454545	3180.0	43.3950617284
3186.0	398.7	3186.0	315.352941176	3192.0	145.295454545	3186.0	43.1450617284
3192.0	399.1	3192.0	313.852941176	3198.0	145.295454545	3192.0	45.1450617284
3198.0	401.7	3198.0	311.352941176	3204.0	145.045454545	3198.0	42.3950617284
3204.0	401.3	3204.0	312.852941176	3210.0	146.545454545	3204.0	44.1450617284
3210.0	396.9	3210.0	313.352941176	3216.0	145.295454545	3210.0	42.3950617284
3216.0	396.5	3216.0	312.352941176	3222.0	146.045454545	3216.0	43.1450617284
3222.0	397.5	3222.0	313.852941176	3228.0	145.795454545	3222.0	43.1450617284
3228.0	397.5	3228.0	311.352941176	3234.0	143.295454545	3228.0	42.8950617284
3234.0	397.7	3234.0	309.352941176	3240.0	145.795454545	3234.0	44.3950617284
3240.0	396.9	3240.0	314.352941176	3246.0	144.795454545	3240.0	43.8950617284
3246.0	395.1	3246.0	308.852941176	3252.0	145.045454545	3246.0	42.3950617284
3252.0	397.5	3252.0	317.352941176	3258.0	144.545454545	3252.0	43.8950617284
3258.0	398.3	3258.0	312.352941176	3264.0	146.045454545	3258.0	43.8950617284
3264.0	397.1	3264.0	313.352941176	3270.0	144.795454545	3264.0	42.3950617284
3270.0	398.7	3270.0	311.852941176	3276.0	144.545454545	3270.0	43.8950617284
3276.0	398.3	3276.0	311.352941176	3282.0	144.795454545	3276.0	41.8950617284
3282.0	396.5	3282.0	309.352941176	3288.0	146.045454545	3282.0	43.3950617284
3288.0	398.3	3288.0	308.852941176	3294.0	145.295454545	3288.0	42.3950617284
3294.0	398.3	3294.0	312.852941176	3300.0	146.045454545	3294.0	43.8950617284
3300.0	401.5	3300.0	310.852941176	3306.0	144.295454545	3300.0	44.8950617284
3306.0	397.9	3306.0	316.352941176	3312.0	145.545454545	3306.0	43.6450617284
3312.0	396.7	3312.0	308.352941176	3318.0	144.545454545	3312.0	44.8950617284
3318.0	399.3	3318.0	311.352941176	3324.0	145.795454545	3318.0	44.3950617284
3324.0	396.7	3324.0	312.852941176	3330.0	145.045454545	3324.0	43.1450617284
3330.0	397.5	3330.0	312.852941176	3336.0	144.545454545	3330.0	44.1450617284
3336.0	399.3	3336.0	316.852941176	3342.0	144.295454545	3336.0	42.1450617284
3342.0	399.3	3342.0	312.352941176	3348.0	144.545454545	3342.0	43.1450617284
3348.0	401.5	3348.0	313.352941176	3354.0	145.545454545	3348.0	43.3950617284
3354.0	400.3	3354.0	311.852941176	3360.0	145.045454545	3354.0	43.6450617284
3360.0	400.5	3360.0	315.352941176	3366.0	144.795454545	3360.0	43.3950617284
3366.0	397.7	3366.0	314.852941176	3372.0	145.545454545	3366.0	43.6450617284
3372.0	400.1	3372.0	311.852941176	3378.0	145.545454545	3372.0	44.3950617284
3378.0	397.7	3378.0	311.352941176	3384.0	143.795454545	3378.0	42.6450617284
3384.0	396.7	3384.0	307.352941176	3390.0	144.295454545	3384.0	42.1450617284
3390.0	399.9	3390.0	311.352941176	3396.0	144.295454545	3390.0	43.1450617284
3396.0	400.9	3396.0	312.852941176	3402.0	146.295454545	3396.0	42.1450617284
3402.0	400.1	3402.0	306.352941176	3408.0	143.795454545	3402.0	44.6450617284
3408.0	399.9	3408.0	309.852941176	3414.0	144.295454545	3408.0	42.1450617284
3414.0	399.3	3414.0	309.352941176	3420.0	144.545454545	3414.0	43.8950617284
3420.0	401.7	3420.0	311.352941176	3426.0	144.545454545	3420.0	42.8950617284
3426.0	403.1	3426.0	310.352941176	3432.0	145.295454545	3426.0	43.1450617284
3432.0	401.5	3432.0	310.852941176	3438.0	144.295454545	3432.0	42.1450617284
3438.0	403.5	3438.0	312.852941176	3444.0	144.795454545	3438.0	42.3950617284
3444.0	400.9	3444.0	313.852941176	3450.0	143.545454545	3444.0	43.6450617284
3450.0	403.3	3450.0	309.852941176	3456.0	143.545454545	3450.0	42.6450617284
3456.0	404.5	3456.0	309.352941176	3462.0	145.295454545	3456.0	43.1450617284
3462.0	399.9	3462.0	308.352941176	3468.0	144.795454545	3462.0	43.1450617284
3468.0	400.7	3468.0	315.352941176	3474.0	145.545454545	3468.0	43.6450617284
3474.0	399.7	3474.0	313.352941176	3480.0	144.795454545	3474.0	43.1450617284
3480.0	401.3	3480.0	312.352941176	3486.0	145.295454545	3480.0	43.1450617284
3486.0	400.7	3486.0	310.352941176	3492.0	145.295454545	3486.0	42.6450617284
3492.0	400.3	3492.0	312.852941176	3498.0	143.545454545	3492.0	42.8950617284
3498.0	401.1	3498.0	314.852941176	3504.0	144.295454545	3498.0	43.6450617284
3504.0	401.5	3504.0	316.852941176	3510.0	141.545454545	3504.0	43.1450617284
3510.0	400.5	3510.0	308.852941176	3516.0	144.045454545	3510.0	42.3950617284
3516.0	400.1	3516.0	311.352941176	3522.0	141.795454545	3516.0	43.8950617284
3522.0	398.7	3522.0	311.352941176	3528.0	144.295454545	3522.0	42.3950617284
3528.0	399.3	3528.0	315.352941176	3534.0	142.795454545	3528.0	43.3950617284
3534.0	402.3	3534.0	315.852941176	3540.0	145.045454545	3534.0	42.6450617284
3540.0	400.3	3540.0	315.852941176	3546.0	143.295454545	3540.0	44.1450617284
3546.0	404.1	3546.0	312.852941176	3552.0	144.545454545	3546.0	43.3950617284
3552.0	402.1	3552.0	318.852941176	3558.0	142.795454545	3552.0	43.1450617284
3558.0	405.3	3558.0	311.852941176	3564.0	144.045454545	3558.0	42.1450617284
3564.0	402.1	3564.0	313.852941176	3570.0	145.045454545	3564.0	43.8950617284
3570.0	402.3	3570.0	314.352941176	3576.0	144.795454545	3570.0	43.3950617284
3576.0	399.9	3576.0	312.352941176	3582.0	144.545454545	3576.0	43.3950617284
3582.0	401.1	3582.0	309.352941176	3588.0	144.045454545	3582.0	42.8950617284
3588.0	402.5	3588.0	311.352941176	3594.0	145.045454545	3588.0	42.6450617284
3594.0	402.3	3594.0	312.352941176	3600.0	142.295454545	3594.0	43.3950617284
3600.0	401.1	3600.0	310.852941176	3606.0	143.545454545	3600.0	43.1450617284
3606.0	398.9	3606.0	309.852941176	3612.0	143.045454545	3606.0	43.1450617284
3612.0	402.1	3612.0	318.352941176	3618.0	142.295454545	3612.0	45.3950617284
3618.0	399.5	3618.0	310.352941176	3624.0	145.045454545	3618.0	42.6450617284
3624.0	399.3	3624.0	309.852941176	3630.0	145.295454545	3624.0	43.6450617284
3630.0	404.5	3630.0	314.852941176	3636.0	142.795454545	3630.0	43.1450617284
3636.0	402.7	3636.0	310.352941176	3642.0	142.545454545	3636.0	42.1450617284
3642.0	404.1	3642.0	314.852941176	3648.0	143.295454545	3642.0	43.8950617284
3648.0	402.3	3648.0	311.852941176	3654.0	146.045454545	3648.0	43.1450617284
3654.0	401.9	3654.0	310.852941176	3660.0	145.795454545	3654.0	44.1450617284
3660.0	402.9	3660.0	315.352941176	3666.0	143.545454545	3660.0	43.6450617284
3666.0	405.1	3666.0	314.352941176	3672.0	144.045454545	3666.0	42.3950617284
3672.0	404.3	3672.0	309.352941176	3678.0	144.295454545	3672.0	43.6450617284
3678.0	403.9	3678.0	311.852941176	3684.0	144.295454545	3678.0	42.6450617284
3684.0	399.7	3684.0	313.352941176	3690.0	143.545454545	3684.0	43.1450617284
3690.0	405.3	3690.0	311.852941176	3696.0	143.795454545	3690.0	44.1450617284
3696.0	401.3	3696.0	310.852941176	3702.0	143.545454545	3696.0	42.8950617284
3702.0	401.1	3702.0	315.852941176	3708.0	143.795454545	3702.0	43.8950617284
3708.0	404.3	3708.0	311.352941176	3714.0	143.295454545	3708.0	44.1450617284
3714.0	403.7	3714.0	313.352941176	3720.0	144.295454545	3714.0	43.6450617284
3720.0	405.7	3720.0	314.852941176	3726.0	145.545454545	3720.0	42.6450617284
3726.0	405.3	3726.0	317.352941176	3732.0	143.545454545	3726.0	43.1450617284
3732.0	401.3	3732.0	313.852941176	3738.0	144.295454545	3732.0	43.3950617284
3738.0	399.7	3738.0	308.352941176	3744.0	143.295454545	3738.0	41.3950617284
3744.0	401.3	3744.0	309.852941176	3750.0	143.795454545	3744.0	42.6450617284
3750.0	402.5	3750.0	312.352941176	3756.0	143.295454545	3750.0	44.1450617284
3756.0	402.5	3756.0	313.852941176	3762.0	144.295454545	3756.0	41.8950617284
3762.0	401.7	3762.0	313.852941176	3768.0	143.545454545	3762.0	43.1450617284
3768.0	404.1	3768.0	314.352941176	3774.0	144.795454545	3768.0	43.3950617284
3774.0	400.9	3774.0	312.352941176	3780.0	143.795454545	3774.0	45.3950617284
3780.0	405.3	3780.0	314.352941176	3786.0	144.295454545	3780.0	43.8950617284
3786.0	401.9	3786.0	316.352941176	3792.0	145.545454545	3786.0	44.3950617284
3792.0	404.1	3792.0	318.352941176	3798.0	144.295454545	3792.0	43.6450617284
3798.0	403.1	3798.0	316.352941176	3804.0	142.295454545	3798.0	45.6450617284
3804.0	402.9	3804.0	318.352941176	3810.0	143.545454545	3804.0	43.3950617284
3810.0	399.1	3810.0	309.852941176	3816.0	144.795454545	3810.0	44.1450617284
3816.0	400.9	3816.0	310.352941176	3822.0	143.795454545	3816.0	44.1450617284
3822.0	400.5	3822.0	317.852941176	3828.0	144.545454545	3822.0	43.1450617284
3828.0	403.3	3828.0	313.852941176	3834.0	143.795454545	3828.0	43.1450617284
3834.0	402.3	3834.0	312.352941176	3840.0	144.545454545	3834.0	43.6450617284
3840.0	403.1	3840.0	317.352941176	3846.0	145.045454545	3840.0	43.6450617284
3846.0	402.3	3846.0	319.852941176	3852.0	143.545454545	3846.0	44.6450617284
3852.0	403.5	3852.0	310.352941176	3858.0	145.045454545	3852.0	42.6450617284
3858.0	403.1	3858.0	313.852941176	3864.0	143.795454545	3858.0	43.8950617284
3864.0	400.3	3864.0	313.852941176	3870.0	144.795454545	3864.0	44.1450617284
3870.0	401.3	3870.0	311.852941176	3876.0	144.295454545	3870.0	42.8950617284
3876.0	405.9	3876.0	316.852941176	3882.0	143.545454545	3876.0	43.1450617284
3882.0	406.3	3882.0	316.352941176	3888.0	144.295454545	3882.0	44.3950617284
3888.0	408.1	3888.0	318.852941176	3894.0	143.045454545	3888.0	43.6450617284
3894.0	402.5	3894.0	307.852941176	3900.0	143.545454545	3894.0	44.3950617284
3900.0	402.1	3900.0	311.852941176	3906.0	144.045454545	3900.0	43.8950617284
3906.0	402.1	3906.0	310.852941176	3912.0	145.295454545	3906.0	45.1450617284
3912.0	400.3	3912.0	313.352941176	3918.0	145.045454545	3912.0	44.6450617284
3918.0	401.1	3918.0	313.352941176	3924.0	142.295454545	3918.0	45.1450617284
3924.0	400.1	3924.0	317.852941176	3930.0	143.795454545	3924.0	43.1450617284
3930.0	398.3	3930.0	312.352941176	3936.0	143.545454545	3930.0	44.3950617284
3936.0	400.3	3936.0	318.852941176	3942.0	144.295454545	3936.0	43.6450617284
3942.0	399.9	3942.0	312.352941176	3948.0	144.795454545	3942.0	43.6450617284
3948.0	403.7	3948.0	311.352941176	3954.0	143.545454545	3948.0	44.8950617284
3954.0	402.9	3954.0	312.852941176	3960.0	144.045454545	3954.0	44.3950617284
3960.0	401.7	3960.0	313.852941176	3966.0	144.045454545	3960.0	43.6450617284
3966.0	402.5	3966.0	315.852941176	3972.0	144.045454545	3966.0	43.8950617284
3972.0	399.7	3972.0	312.852941176	3978.0	144.045454545	3972.0	43.8950617284
3978.0	404.1	3978.0	314.352941176	3984.0	144.545454545	3978.0	43.6450617284
3984.0	401.5	3984.0	315.352941176	3990.0	144.795454545	3984.0	44.3950617284
3990.0	403.3	3990.0	315.852941176	3996.0	143.045454545	3990.0	45.3950617284
3996.0	401.5	3996.0	315.352941176	4002.0	144.545454545	3996.0	44.1450617284
4002.0	400.5	4002.0	313.852941176	4008.0	144.045454545	4002.0	42.6450617284
4008.0	399.5	4008.0	314.352941176	4014.0	144.295454545	4008.0	43.1450617284
4014.0	402.1	4014.0	317.852941176	4020.0	143.795454545	4014.0	44.1450617284
4020.0	402.3	4020.0	318.352941176	4026.0	144.045454545	4020.0	44.3950617284
4026.0	401.1	4026.0	312.852941176	4032.0	143.795454545	4026.0	44.3950617284
4032.0	400.9	4032.0	314.852941176	4038.0	144.045454545	4032.0	45.3950617284
4038.0	402.5	4038.0	314.352941176	4044.0	144.795454545	4038.0	44.3950617284
4044.0	402.7	4044.0	318.352941176	4050.0	144.545454545	4044.0	44.6450617284
4050.0	400.7	4050.0	314.852941176	4056.0	142.795454545	4050.0	43.3950617284
4056.0	400.7	4056.0	318.352941176	4062.0	144.045454545	4056.0	44.8950617284
4062.0	402.9	4062.0	312.852941176	4068.0	143.045454545	4062.0	45.3950617284
4068.0	401.7	4068.0	315.352941176	4074.0	142.545454545	4068.0	43.1450617284
4074.0	402.5	4074.0	320.352941176	4080.0	143.295454545	4074.0	43.8950617284
4080.0	404.7	4080.0	318.852941176	4086.0	143.795454545	4080.0	43.3950617284
4086.0	405.7	4086.0	317.852941176	4092.0	142.545454545	4086.0	45.6450617284
4092.0	400.5	4092.0	310.852941176	4098.0	142.795454545	4092.0	43.8950617284
4098.0	402.3	4098.0	313.852941176	4104.0	143.795454545	4098.0	44.3950617284
4104.0	401.5	4104.0	311.852941176	4110.0	142.295454545	4104.0	43.6450617284
4110.0	402.1	4110.0	314.852941176	4116.0	143.795454545	4110.0	43.6450617284
4116.0	400.9	4116.0	315.852941176	4122.0	142.295454545	4116.0	45.1450617284
4122.0	400.5	4122.0	315.352941176	4128.0	143.795454545	4122.0	43.6450617284
4128.0	403.7	4128.0	314.852941176	4134.0	143.795454545	4128.0	45.6450617284
4134.0	401.7	4134.0	313.852941176	4140.0	143.795454545	4134.0	44.3950617284
4140.0	401.5	4140.0	312.352941176	4146.0	143.795454545	4140.0	45.1450617284
4146.0	402.1	4146.0	315.352941176	4152.0	144.045454545	4146.0	42.8950617284
4152.0	403.3	4152.0	313.852941176	4158.0	142.545454545	4152.0	44.3950617284
4158.0	403.5	4158.0	314.352941176	4164.0	144.795454545	4158.0	42.8950617284
4164.0	399.9	4164.0	309.852941176	4170.0	142.795454545	4164.0	41.1450617284
4170.0	400.3	4170.0	311.852941176	4176.0	141.545454545	4170.0	44.1450617284
4176.0	405.5	4176.0	313.852941176	4182.0	143.795454545	4176.0	43.6450617284
4182.0	402.1	4182.0	310.852941176	4188.0	142.545454545	4182.0	43.1450617284
4188.0	404.1	4188.0	316.352941176	4194.0	144.795454545	4188.0	43.6450617284
4194.0	403.3	4194.0	314.852941176	4200.0	144.795454545	4194.0	44.3950617284
4200.0	402.7	4200.0	316.852941176	4206.0	143.545454545	4200.0	44.3950617284
4206.0	400.1	4206.0	316.852941176	4212.0	142.795454545	4206.0	44.1450617284
4212.0	402.9	4212.0	313.852941176	4218.0	143.045454545	4212.0	45.3950617284
4218.0	402.7	4218.0	315.352941176	4224.0	142.045454545	4218.0	45.3950617284
4224.0	403.3	4224.0	314.852941176	4230.0	143.045454545	4224.0	44.6450617284
4230.0	401.3	4230.0	316.352941176	4236.0	143.045454545	4230.0	43.3950617284
4236.0	403.5	4236.0	313.852941176	4242.0	143.295454545	4236.0	44.8950617284
4242.0	402.1	4242.0	314.852941176	4248.0	141.795454545	4242.0	43.6450617284
4248.0	403.7	4248.0	312.352941176	4254.0	142.295454545	4248.0	45.1450617284
4254.0	398.1	4254.0	313.352941176	4260.0	143.795454545	4254.0	44.8950617284
4260.0	401.9	4260.0	311.352941176	4266.0	142.545454545	4260.0	43.8950617284
4266.0	402.5	4266.0	305.352941176	4272.0	143.795454545	4266.0	45.8950617284
4272.0	402.1	4272.0	311.852941176	4278.0	144.545454545	4272.0	43.8950617284
4278.0	399.1	4278.0	314.352941176	4284.0	142.295454545	4278.0	43.3950617284
4284.0	402.1	4284.0	317.352941176	4290.0	143.295454545	4284.0	43.1450617284
4290.0	401.3	4290.0	310.352941176	4296.0	144.045454545	4290.0	44.1450617284
4296.0	401.9	4296.0	311.852941176	4302.0	143.795454545	4296.0	43.3950617284
4302.0	403.1	4302.0	316.352941176	4308.0	144.045454545	4302.0	44.6450617284
4308.0	402.3	4308.0	316.352941176	4314.0	141.295454545	4308.0	44.8950617284
4314.0	403.5	4314.0	310.852941176	4320.0	142.295454545	4314.0	44.6450617284
4320.0	401.7	4320.0	311.352941176	4326.0	142.045454545	4320.0	43.6450617284
4326.0	401.1	4326.0	314.352941176	4332.0	143.045454545	4326.0	45.3950617284
4332.0	403.1	4332.0	311.852941176	4338.0	144.295454545	4332.0	43.6450617284
4338.0	401.3	4338.0	315.352941176	4344.0	143.295454545	4338.0	44.1450617284
4344.0	401.7	4344.0	313.352941176	4350.0	141.795454545	4344.0	43.8950617284
4350.0	403.3	4350.0	311.352941176	4356.0	144.045454545	4350.0	44.3950617284
4356.0	401.1	4356.0	316.352941176	4362.0	142.295454545	4356.0	42.6450617284
4362.0	404.7	4362.0	312.352941176	4368.0	141.295454545	4362.0	43.6450617284
4368.0	401.9	4368.0	316.352941176	4374.0	143.795454545	4368.0	44.3950617284
4374.0	400.5	4374.0	319.852941176	4380.0	142.795454545	4374.0	44.3950617284
4380.0	401.9	4380.0	315.352941176	4386.0	143.045454545	4380.0	44.1450617284
4386.0	403.9	4386.0	316.852941176	4392.0	143.795454545	4386.0	43.6450617284
4392.0	403.9	4392.0	310.852941176	4398.0	142.795454545	4392.0	42.8950617284
4398.0	405.9	4398.0	321.352941176	4404.0	142.045454545	4398.0	43.6450617284
4404.0	401.5	4404.0	311.352941176	4410.0	142.795454545	4404.0	45.1450617284
4410.0	406.3	4410.0	315.352941176	4416.0	143.795454545	4410.0	43.1450617284
4416.0	405.5	4416.0	314.352941176	4422.0	141.795454545	4416.0	44.1450617284
4422.0	403.1	4422.0	315.852941176	4428.0	144.045454545	4422.0	44.1450617284
4428.0	404.1	4428.0	314.852941176	4434.0	142.545454545	4428.0	43.6450617284
4434.0	401.7	4434.0	312.352941176	4440.0	144.795454545	4434.0	44.8950617284
4440.0	404.7	4440.0	316.852941176	4446.0	141.795454545	4440.0	42.3950617284
4446.0	402.9	4446.0	312.852941176	4452.0	144.545454545	4446.0	44.3950617284
4452.0	400.7	4452.0	315.852941176	4458.0	142.795454545	4452.0	42.8950617284
4458.0	403.3	4458.0	312.852941176	4464.0	142.795454545	4458.0	43.8950617284
4464.0	402.5	4464.0	316.852941176	4470.0	143.795454545	4464.0	44.3950617284
4470.0	401.1	4470.0	316.852941176	4476.0	142.795454545	4470.0	44.8950617284
4476.0	406.1	4476.0	318.852941176	4482.0	142.295454545	4476.0	44.3950617284
4482.0	400.9	4482.0	314.352941176	4488.0	144.295454545	4482.0	43.1450617284
4488.0	403.1	4488.0	315.352941176	4494.0	143.295454545	4488.0	42.6450617284
4494.0	400.3	4494.0	313.352941176	4500.0	144.795454545	4494.0	42.3950617284
4500.0	403.1	4500.0	315.852941176	4506.0	144.045454545	4500.0	44.8950617284
4506.0	402.9	4506.0	318.352941176	4512.0	141.545454545	4506.0	44.8950617284
4512.0	403.7	4512.0	316.852941176	4518.0	143.045454545	4512.0	43.3950617284
4518.0	402.1	4518.0	314.852941176	4524.0	142.295454545	4518.0	43.8950617284
4524.0	400.1	4524.0	314.352941176	4530.0	143.295454545	4524.0	43.3950617284
4530.0	405.7	4530.0	318.352941176	4536.0	141.295454545	4530.0	44.1450617284
4536.0	403.3	4536.0	317.852941176	4542.0	143.045454545	4536.0	41.8950617284
4542.0	404.3	4542.0	316.352941176	4548.0	143.545454545	4542.0	44.6450617284
4548.0	408.1	4548.0	316.352941176	4554.0	144.295454545	4548.0	43.8950617284
4554.0	402.7	4554.0	313.852941176	4560.0	144.295454545	4554.0	43.1450617284
4560.0	402.9	4560.0	314.352941176	4566.0	141.795454545	4560.0	43.3950617284
4566.0	404.5	4566.0	316.352941176	4572.0	141.295454545	4566.0	42.8950617284
4572.0	404.5	4572.0	314.852941176	4578.0	143.045454545	4572.0	43.8950617284
4578.0	405.7	4578.0	315.352941176	4584.0	142.295454545	4578.0	44.3950617284
4584.0	404.3	4584.0	323.852941176	4590.0	142.795454545	4584.0	43.1450617284
4590.0	404.7	4590.0	320.852941176	4596.0	142.045454545	4590.0	42.8950617284
4596.0	405.3	4596.0	314.852941176	4602.0	142.795454545	4596.0	43.8950617284
4602.0	403.3	4602.0	315.852941176	4608.0	143.045454545	4602.0	41.6450617284
4608.0	404.5	4608.0	314.352941176	4614.0	142.045454545	4608.0	43.6450617284
4614.0	404.5	4614.0	320.352941176	4620.0	142.045454545	4614.0	41.1450617284
4620.0	405.3	4620.0	317.352941176	4626.0	142.545454545	4620.0	42.3950617284
4626.0	406.1	4626.0	319.852941176	4632.0	143.795454545	4626.0	44.1450617284
4632.0	403.3	4632.0	318.852941176	4638.0	143.545454545	4632.0	42.6450617284
4638.0	406.1	4638.0	315.352941176	4644.0	142.295454545	4638.0	44.1450617284
4644.0	403.5	4644.0	314.852941176	4650.0	143.795454545	4644.0	43.6450617284
4650.0	406.5	4650.0	319.352941176	4656.0	143.045454545	4650.0	43.8950617284
4656.0	400.3	4656.0	312.852941176	4662.0	142.545454545	4656.0	43.1450617284
4662.0	403.5	4662.0	313.352941176	4668.0	142.295454545	4662.0	43.6450617284
4668.0	404.1	4668.0	313.852941176	4674.0	141.795454545	4668.0	42.8950617284
4674.0	403.5	4674.0	322.352941176	4680.0	143.795454545	4674.0	43.3950617284
4680.0	402.7	4680.0	316.852941176	4686.0	142.545454545	4680.0	44.8950617284
4686.0	407.1	4686.0	318.352941176	4692.0	142.295454545	4686.0	43.1450617284
4692.0	405.5	4692.0	315.852941176	4698.0	143.795454545	4692.0	43.6450617284
4698.0	405.7	4698.0	320.352941176	4704.0	144.045454545	4698.0	43.3950617284
4704.0	405.7	4704.0	318.352941176	4710.0	142.045454545	4704.0	41.8950617284
4710.0	405.1	4710.0	316.852941176	4716.0	140.795454545	4710.0	43.3950617284
4716.0	406.7	4716.0	320.352941176	4722.0	141.795454545	4716.0	43.3950617284
4722.0	403.1	4722.0	319.352941176	4728.0	142.795454545	4722.0	43.6450617284
4728.0	406.3	4728.0	315.352941176	4734.0	140.295454545	4728.0	43.8950617284
4734.0	403.9	4734.0	318.852941176	4740.0	141.295454545	4734.0	43.3950617284
4740.0	404.5	4740.0	322.352941176	4746.0	143.045454545	4740.0	44.1450617284
4746.0	404.7	4746.0	319.852941176	4752.0	143.295454545	4746.0	42.8950617284
4752.0	405.9	4752.0	319.852941176	4758.0	142.545454545	4752.0	43.6450617284
4758.0	406.3	4758.0	323.852941176	4764.0	142.545454545	4758.0	43.6450617284
4764.0	401.3	4764.0	322.352941176	4770.0	142.545454545	4764.0	43.1450617284
4770.0	407.7	4770.0	323.852941176	4776.0	142.295454545	4770.0	42.1450617284
4776.0	405.1	4776.0	316.852941176	4782.0	143.045454545	4776.0	43.6450617284
4782.0	404.9	4782.0	319.352941176	4788.0	141.795454545	4782.0	44.1450617284
4788.0	404.9	4788.0	323.352941176	4794.0	142.045454545	4788.0	41.6450617284
4794.0	402.5	4794.0	321.852941176	4800.0	142.795454545	4794.0	42.6450617284
4800.0	404.5	4800.0	319.352941176	4806.0	143.045454545	4800.0	43.3950617284
4806.0	406.7	4806.0	321.352941176	4812.0	142.795454545	4806.0	43.3950617284
4812.0	404.9	4812.0	326.352941176	4818.0	142.795454545	4812.0	43.8950617284
4818.0	406.3	4818.0	323.852941176	4824.0	142.045454545	4818.0	43.3950617284
4824.0	405.7	4824.0	321.352941176	4830.0	143.045454545	4824.0	43.6450617284
4830.0	402.7	4830.0	319.352941176	4836.0	141.545454545	4830.0	43.6450617284
4836.0	406.5	4836.0	317.852941176	4842.0	143.545454545	4836.0	41.3950617284
4842.0	405.7	4842.0	318.852941176	4848.0	143.045454545	4842.0	42.6450617284
4848.0	406.3	4848.0	315.852941176	4854.0	142.045454545	4848.0	40.8950617284
4854.0	406.1	4854.0	319.352941176	4860.0	141.795454545	4854.0	40.6450617284
4860.0	406.9	4860.0	317.852941176	4866.0	141.545454545	4860.0	43.6450617284
4866.0	405.7	4866.0	321.852941176	4872.0	142.545454545	4866.0	42.6450617284
4872.0	405.7	4872.0	320.352941176	4878.0	142.295454545	4872.0	42.3950617284
4878.0	405.9	4878.0	317.352941176	4884.0	142.295454545	4878.0	43.1450617284
4884.0	404.3	4884.0	318.352941176	4890.0	141.295454545	4884.0	43.3950617284
4890.0	403.1	4890.0	313.352941176	4896.0	141.545454545	4890.0	42.1450617284
4896.0	406.5	4896.0	317.852941176	4902.0	143.295454545	4896.0	42.3950617284
4902.0	404.7	4902.0	320.852941176	4908.0	142.545454545	4902.0	41.3950617284
4908.0	407.3	4908.0	323.352941176	4914.0	143.545454545	4908.0	43.6450617284
4914.0	407.1	4914.0	320.352941176	4920.0	141.795454545	4914.0	42.8950617284
4920.0	407.7	4920.0	321.852941176	4926.0	141.295454545	4920.0	41.8950617284
4926.0	405.3	4926.0	317.852941176	4932.0	143.045454545	4926.0	42.1450617284
4932.0	404.9	4932.0	318.352941176	4938.0	142.295454545	4932.0	41.3950617284
4938.0	402.9	4938.0	318.352941176	4944.0	140.795454545	4938.0	42.6450617284
4944.0	407.7	4944.0	321.852941176	4950.0	141.545454545	4944.0	43.3950617284
4950.0	405.9	4950.0	323.352941176	4956.0	142.295454545	4950.0	42.6450617284
4956.0	402.1	4956.0	319.852941176	4962.0	141.545454545	4956.0	42.1450617284
4962.0	407.3	4962.0	323.352941176	4968.0	143.295454545	4962.0	41.8950617284
4968.0	407.9	4968.0	322.352941176	4974.0	143.295454545	4968.0	42.3950617284
4974.0	408.1	4974.0	319.352941176	4980.0	141.795454545	4974.0	42.8950617284
4980.0	405.5	4980.0	315.852941176	4986.0	142.545454545	4980.0	42.1450617284
4986.0	404.9	4986.0	318.852941176	4992.0	143.045454545	4986.0	44.8950617284
4992.0	406.5	4992.0	317.852941176	4998.0	143.545454545	4992.0	42.6450617284
4998.0	407.1	4998.0	320.352941176	5004.0	141.545454545	4998.0	42.8950617284
5004.0	406.7	5004.0	316.852941176	5010.0	141.545454545	5004.0	43.8950617284
5010.0	404.9	5010.0	316.352941176	5016.0	142.545454545	5010.0	44.1450617284
5016.0	404.5	5016.0	320.352941176	5022.0	142.295454545	5016.0	43.6450617284
5022.0	407.3	5022.0	316.852941176	5028.0	140.795454545	5022.0	42.8950617284
5028.0	403.5	5028.0	316.352941176	5034.0	142.545454545	5028.0	42.3950617284
5034.0	404.9	5034.0	312.352941176	5040.0	142.045454545	5034.0	43.1450617284
5040.0	407.3	5040.0	315.852941176	5046.0	141.295454545	5040.0	41.3950617284
5046.0	406.3	5046.0	316.352941176	5052.0	140.545454545	5046.0	41.1450617284
5052.0	405.7	5052.0	317.352941176	5058.0	141.045454545	5052.0	42.6450617284
5058.0	402.7	5058.0	313.352941176	5064.0	141.545454545	5058.0	42.6450617284
5064.0	403.1	5064.0	320.852941176	5070.0	141.045454545	5064.0	41.8950617284
5070.0	405.9	5070.0	318.852941176	5076.0	141.545454545	5070.0	41.6450617284
5076.0	404.5	5076.0	318.352941176	5082.0	140.795454545	5076.0	41.6450617284
5082.0	402.5	5082.0	318.852941176	5088.0	142.545454545	5082.0	42.6450617284
5088.0	403.9	5088.0	315.352941176	5094.0	141.295454545	5088.0	42.8950617284
5094.0	406.9	5094.0	318.352941176	5100.0	142.545454545	5094.0	43.1450617284
5100.0	403.7	5100.0	317.852941176	5106.0	143.045454545	5100.0	42.3950617284
5106.0	407.1	5106.0	314.352941176	5112.0	143.045454545	5106.0	41.8950617284
5112.0	407.9	5112.0	321.852941176	5118.0	140.795454545	5112.0	41.6450617284
5118.0	406.7	5118.0	314.352941176	5124.0	140.545454545	5118.0	42.1450617284
5124.0	404.1	5124.0	314.852941176	5130.0	142.295454545	5124.0	43.8950617284
5130.0	402.9	5130.0	317.352941176	5136.0	142.295454545	5130.0	43.1450617284
5136.0	403.5	5136.0	315.852941176	5142.0	141.795454545	5136.0	42.3950617284
5142.0	401.1	5142.0	315.352941176	5148.0	143.045454545	5142.0	43.8950617284
5148.0	403.5	5148.0	316.352941176	5154.0	140.545454545	5148.0	43.1450617284
5154.0	405.1	5154.0	319.852941176	5160.0	142.295454545	5154.0	42.3950617284
5160.0	405.3	5160.0	315.852941176	5166.0	142.295454545	5160.0	43.8950617284
5166.0	403.1	5166.0	311.352941176	5172.0	142.045454545	5166.0	41.8950617284
5172.0	407.3	5172.0	317.852941176	5178.0	140.545454545	5172.0	41.6450617284
5178.0	404.1	5178.0	317.852941176	5184.0	142.295454545	5178.0	42.6450617284
5184.0	403.5	5184.0	316.352941176	5190.0	141.045454545	5184.0	42.6450617284
5190.0	405.7	5190.0	313.852941176	5196.0	142.545454545	5190.0	43.3950617284
5196.0	404.3	5196.0	317.852941176	5202.0	143.295454545	5196.0	44.8950617284
5202.0	402.5	5202.0	312.852941176	5208.0	142.545454545	5202.0	43.8950617284
5208.0	406.7	5208.0	314.352941176	5214.0	141.795454545	5208.0	44.1450617284
5214.0	403.1	5214.0	318.352941176	5220.0	141.045454545	5214.0	42.1450617284
5220.0	403.1	5220.0	315.852941176	5226.0	141.795454545	5220.0	43.6450617284
5226.0	403.1	5226.0	316.852941176	5232.0	143.045454545	5226.0	42.6450617284
5232.0	403.9	5232.0	312.852941176	5238.0	141.045454545	5232.0	43.6450617284
5238.0	404.7	5238.0	315.352941176	5244.0	142.795454545	5238.0	42.3950617284
5244.0	388.9	5244.0	314.352941176	5250.0	142.045454545	5244.0	42.3950617284
5250.0	397.9	5250.0	312.852941176	5256.0	142.295454545	5250.0	43.8950617284
5256.0	402.5	5256.0	316.352941176	5262.0	142.295454545	5256.0	42.8950617284
5262.0	405.7	5262.0	313.352941176	5268.0	142.045454545	5262.0	44.6450617284
5268.0	404.3	5268.0	315.352941176	5274.0	141.545454545	5268.0	44.1450617284
5274.0	403.7	5274.0	316.852941176	5280.0	141.795454545	5274.0	43.1450617284
5280.0	407.1	5280.0	315.852941176	5286.0	141.045454545	5280.0	43.8950617284
5286.0	406.5	5286.0	310.852941176	5292.0	141.795454545	5286.0	43.1450617284
5292.0	408.7	5292.0	314.352941176	5298.0	141.545454545	5292.0	43.6450617284
5298.0	409.3	5298.0	313.352941176	5304.0	141.295454545	5298.0	43.6450617284
5304.0	408.3	5304.0	314.352941176	5310.0	142.045454545	5304.0	44.1450617284
5310.0	406.5	5310.0	314.852941176	5316.0	140.295454545	5310.0	42.3950617284
5316.0	408.1	5316.0	312.352941176	5322.0	141.295454545	5316.0	42.6450617284
5322.0	407.3	5322.0	309.852941176	5328.0	144.045454545	5322.0	43.1450617284
5328.0	405.9	5328.0	311.352941176	5334.0	140.545454545	5328.0	43.8950617284
5334.0	408.1	5334.0	311.352941176	5340.0	141.795454545	5334.0	44.8950617284
5340.0	405.3	5340.0	312.352941176	5346.0	142.295454545	5340.0	43.3950617284
5346.0	402.7	5346.0	314.852941176	5352.0	140.295454545	5346.0	43.3950617284
5352.0	404.7	5352.0	311.852941176	5358.0	141.795454545	5352.0	42.6450617284
5358.0	409.1	5358.0	315.352941176	5364.0	141.545454545	5358.0	42.6450617284
5364.0	407.3	5364.0	316.352941176	5370.0	141.545454545	5364.0	43.8950617284
5370.0	407.3	5370.0	313.352941176	5376.0	141.545454545	5370.0	43.8950617284
5376.0	405.9	5376.0	314.352941176	5382.0	142.045454545	5376.0	42.6450617284
5382.0	406.3	5382.0	313.352941176	5388.0	142.545454545	5382.0	42.6450617284
5388.0	405.7	5388.0	311.352941176	5394.0	141.795454545	5388.0	43.3950617284
5394.0	404.9	5394.0	313.352941176	5400.0	141.545454545	5394.0	42.6450617284
5400.0	405.3	5400.0	310.352941176	5406.0	142.795454545	5400.0	43.3950617284
5406.0	407.7	5406.0	312.352941176	5412.0	143.295454545	5406.0	45.1450617284
5412.0	407.5	5412.0	314.352941176	5418.0	143.295454545	5412.0	44.1450617284
5418.0	406.7	5418.0	321.352941176	5424.0	141.045454545	5418.0	44.8950617284
5424.0	404.9	5424.0	315.852941176	5430.0	141.545454545	5424.0	42.3950617284
5430.0	404.1	5430.0	317.852941176	5436.0	143.295454545	5430.0	44.1450617284
5436.0	403.1	5436.0	312.852941176	5442.0	143.045454545	5436.0	44.3950617284
5442.0	403.9	5442.0	310.852941176	5448.0	141.545454545	5442.0	43.3950617284
5448.0	399.9	5448.0	316.352941176	5454.0	141.545454545	5448.0	43.1450617284
5454.0	403.9	5454.0	314.352941176	5460.0	141.045454545	5454.0	41.6450617284
5460.0	404.7	5460.0	313.352941176	5466.0	140.295454545	5460.0	41.8950617284
5466.0	400.1	5466.0	321.352941176	5472.0	142.295454545	5466.0	42.6450617284
5472.0	404.1	5472.0	310.852941176	5478.0	141.545454545	5472.0	44.3950617284
5478.0	402.1	5478.0	312.352941176	5484.0	142.295454545	5478.0	42.6450617284
5484.0	401.5	5484.0	313.852941176	5490.0	144.045454545	5484.0	43.6450617284
5490.0	402.9	5490.0	315.352941176	5496.0	138.795454545	5490.0	42.3950617284
5496.0	402.1	5496.0	314.352941176	5502.0	142.045454545	5496.0	42.8950617284
5502.0	402.9	5502.0	316.352941176	5508.0	142.795454545	5502.0	42.8950617284
5508.0	401.5	5508.0	318.352941176	5514.0	140.795454545	5508.0	43.1450617284
5514.0	399.7	5514.0	313.852941176	5520.0	139.795454545	5514.0	43.8950617284
5520.0	398.7	5520.0	319.352941176	5526.0	140.795454545	5520.0	43.3950617284
5526.0	404.1	5526.0	314.852941176	5532.0	142.545454545	5526.0	42.8950617284
5532.0	402.9	5532.0	316.852941176	5538.0	142.295454545	5532.0	43.8950617284
5538.0	400.1	5538.0	315.352941176	5544.0	141.545454545	5538.0	43.6450617284
5544.0	402.1	5544.0	312.352941176	5550.0	141.795454545	5544.0	43.3950617284
5550.0	402.1	5550.0	314.352941176	5556.0	142.045454545	5550.0	43.3950617284
5556.0	398.3	5556.0	315.352941176	5562.0	142.545454545	5556.0	44.3950617284
5562.0	404.1	5562.0	312.352941176	5568.0	142.545454545	5562.0	43.1450617284
5568.0	399.7	5568.0	314.852941176	5574.0	142.295454545	5568.0	42.6450617284
5574.0	396.9	5574.0	312.352941176	5580.0	141.295454545	5574.0	43.8950617284
5580.0	392.5	5580.0	316.352941176	5586.0	142.295454545	5580.0	43.6450617284
5586.0	402.7	5586.0	312.352941176	5592.0	141.545454545	5586.0	44.1450617284
5592.0	399.9	5592.0	313.352941176	5598.0	141.295454545	5592.0	43.3950617284
5598.0	398.7	5598.0	319.352941176	5604.0	140.795454545	5598.0	42.1450617284
5604.0	401.1	5604.0	313.852941176	5610.0	142.795454545	5604.0	42.6450617284
5610.0	396.5	5610.0	321.352941176	5616.0	140.545454545	5610.0	45.8950617284
5616.0	396.1	5616.0	315.852941176	5622.0	141.045454545	5616.0	43.6450617284
5622.0	399.7	5622.0	316.352941176	5628.0	141.295454545	5622.0	42.3950617284
5628.0	398.7	5628.0	315.852941176	5634.0	140.545454545	5628.0	43.6450617284
5634.0	397.3	5634.0	310.352941176	5640.0	141.545454545	5634.0	42.3950617284
5640.0	395.3	5640.0	311.852941176	5646.0	141.545454545	5640.0	43.1450617284
5646.0	395.7	5646.0	317.352941176	5652.0	141.545454545	5646.0	42.6450617284
5652.0	393.5	5652.0	317.352941176	5658.0	141.045454545	5652.0	44.8950617284
5658.0	395.3	5658.0	315.352941176	5664.0	140.295454545	5658.0	43.3950617284
5664.0	396.9	5664.0	309.852941176	5670.0	141.545454545	5664.0	42.1450617284
5670.0	392.3	5670.0	310.852941176	5676.0	142.795454545	5670.0	42.8950617284
5676.0	393.9	5676.0	316.352941176	5682.0	143.295454545	5676.0	43.8950617284
5682.0	394.7	5682.0	313.352941176	5688.0	140.795454545	5682.0	45.1450617284
5688.0	390.3	5688.0	313.352941176	5694.0	140.045454545	5688.0	44.6450617284
5694.0	396.5	5694.0	316.852941176	5700.0	143.045454545	5694.0	43.6450617284
5700.0	401.5	5700.0	313.852941176	5706.0	142.295454545	5700.0	44.1450617284
5706.0	402.5	5706.0	313.852941176	5712.0	141.545454545	5706.0	43.3950617284
5712.0	399.9	5712.0	310.352941176	5718.0	141.045454545	5712.0	43.8950617284
5718.0	403.5	5718.0	311.352941176	5724.0	140.795454545	5718.0	43.1450617284
5724.0	404.9	5724.0	312.352941176	5730.0	141.045454545	5724.0	44.3950617284
5730.0	403.5	5730.0	312.852941176	5736.0	140.545454545	5730.0	42.3950617284
5736.0	398.1	5736.0	318.352941176	5742.0	141.545454545	5736.0	43.1450617284
5742.0	398.9	5742.0	311.852941176	5748.0	140.045454545	5742.0	43.8950617284
5748.0	396.3	5748.0	315.852941176	5754.0	141.545454545	5748.0	43.8950617284
5754.0	399.1	5754.0	319.852941176	5760.0	141.295454545	5754.0	43.3950617284
5760.0	396.5	5760.0	311.352941176	5766.0	140.795454545	5760.0	44.6450617284
5766.0	400.1	5766.0	312.352941176	5772.0	140.295454545	5766.0	44.6450617284
5772.0	401.3	5772.0	308.852941176	5778.0	141.795454545	5772.0	44.1450617284
5778.0	399.3	5778.0	311.852941176	5784.0	140.795454545	5778.0	42.6450617284
5784.0	398.1	5784.0	316.352941176	5790.0	142.795454545	5784.0	43.8950617284
5790.0	398.9	5790.0	316.852941176	5796.0	141.795454545	5790.0	43.3950617284
5796.0	396.1	5796.0	311.352941176	5802.0	140.795454545	5796.0	43.6450617284
5802.0	395.3	5802.0	314.352941176	5808.0	141.545454545	5802.0	43.1450617284
5808.0	391.7	5808.0	309.852941176	5814.0	140.795454545	5808.0	44.6450617284
5814.0	393.9	5814.0	312.352941176	5820.0	141.295454545	5814.0	43.6450617284
5820.0	391.7	5820.0	312.852941176	5826.0	141.545454545	5820.0	44.1450617284
5826.0	395.5	5826.0	309.352941176	5832.0	139.795454545	5826.0	43.3950617284
5832.0	393.1	5832.0	314.352941176	5838.0	141.295454545	5832.0	43.6450617284
5838.0	388.5	5838.0	313.852941176	5844.0	140.795454545	5838.0	45.1450617284
5844.0	393.1	5844.0	315.352941176	5850.0	140.295454545	5844.0	43.6450617284
5850.0	391.9	5850.0	312.352941176	5856.0	141.795454545	5850.0	44.3950617284
5856.0	391.3	5856.0	314.852941176	5862.0	141.545454545	5856.0	42.6450617284
5862.0	393.1	5862.0	310.352941176	5868.0	140.045454545	5862.0	43.8950617284
5868.0	393.7	5868.0	311.352941176	5874.0	141.045454545	5868.0	43.6450617284
5874.0	394.1	5874.0	310.352941176	5880.0	140.295454545	5874.0	43.6450617284
5880.0	394.1	5880.0	309.852941176	5886.0	140.295454545	5880.0	43.1450617284
5886.0	395.1	5886.0	323.352941176	5892.0	140.045454545	5886.0	43.3950617284
5892.0	392.9	5892.0	311.852941176	5898.0	137.795454545	5892.0	42.1450617284
5898.0	392.1	5898.0	311.352941176	5904.0	140.295454545	5898.0	42.3950617284
5904.0	396.5	5904.0	316.352941176	5910.0	140.045454545	5904.0	41.1450617284
5910.0	395.7	5910.0	314.852941176	5916.0	141.295454545	5910.0	44.3950617284
5916.0	396.7	5916.0	314.852941176	5922.0	140.545454545	5916.0	43.6450617284
5922.0	396.9	5922.0	310.852941176	5928.0	141.045454545	5922.0	43.3950617284
5928.0	399.5	5928.0	313.352941176	5934.0	140.795454545	5928.0	43.3950617284
5934.0	395.5	5934.0	314.352941176	5940.0	140.795454545	5934.0	43.8950617284
5940.0	397.1	5940.0	316.352941176	5946.0	140.295454545	5940.0	43.1450617284
5946.0	399.3	5946.0	310.352941176	5952.0	140.545454545	5946.0	42.3950617284
5952.0	396.5	5952.0	314.852941176	5958.0	139.795454545	5952.0	43.8950617284
5958.0	395.1	5958.0	313.352941176	5964.0	139.795454545	5958.0	43.3950617284
5964.0	396.3	5964.0	312.852941176	5970.0	141.045454545	5964.0	43.8950617284
5970.0	396.9	5970.0	310.852941176	5976.0	140.795454545	5970.0	41.8950617284
5976.0	395.7	5976.0	320.352941176	5982.0	140.295454545	5976.0	44.3950617284
5982.0	395.7	5982.0	312.352941176	5988.0	141.045454545	5982.0	43.3950617284
5988.0	394.5	5988.0	310.852941176	5994.0	140.295454545	5988.0	41.6450617284
5994.0	396.1	5994.0	311.852941176			5994.0	42.6450617284
