111.txt: 24072 X	111.txt: 24072 Y	1AB_1D.txt: column 1 X	1AB_1D.txt: column 1 Y	1AB_2D.txt: column 1 X	1AB_2D.txt: column 1 Y	1AB_6D.txt: column 1 X	1AB_6D.txt: column 1 Y	1AB_10D.txt: column 1 X	1AB_10D.txt: column 1 Y	1AB_15D.txt: column 1 X	1AB_15D.txt: column 1 Y	1AB_20D.txt: column 1 X	1AB_20D.txt: column 1 Y
3.0	2122.29412059	0.0	2240.92592889	0.0	2856.40404424	0.0	2203.43055833	0.0	2089.60283426	0.0	2359.86992195	0.0	1015.96666667
7.0	1392.96078059	3.0	1810.59258889	3.0	1973.40404424	3.0	2463.76388833	3.0	1563.60283426	3.0	963.536581951	3.0	258.966666667
10.0	854.294120588	7.0	1843.25925889	7.0	913.404044243	7.0	1206.76388833	7.0	1086.26950426	7.0	1900.20325195	7.0	-44.0333333337
13.0	-100.705879412	10.0	1821.92592889	10.0	1128.73737424	10.0	1206.43055833	10.0	749.602834255	10.0	732.536581951	10.0	217.966666667
17.0	-277.705879412	13.0	411.592588889	13.0	862.404044243	13.0	837.430558334	13.0	800.602834255	13.0	122.536581951	13.0	104.966666667
20.0	103.627450588	17.0	273.925928889	17.0	346.070704243	17.0	19.4305583338	17.0	684.602834255	17.0	540.869921951	17.0	212.466666667
23.0	-175.039219412	20.0	-78.7407411119	20.0	-107.929295757	20.0	100.430558334	20.0	707.602834255	20.0	-462.130078049	20.0	-314.033333333
27.0	74.9607805882	23.0	496.925928889	23.0	-148.262625757	23.0	-16.9027816662	23.0	716.269504255	23.0	-385.796748049	23.0	62.4666666663
30.0	-319.705879412	27.0	-217.407411111	27.0	-309.929295757	27.0	-314.902781666	27.0	45.2695042551	27.0	33.8699219514	27.0	-782.533333333
33.0	-238.372549412	30.0	136.925928889	30.0	193.737374243	30.0	562.763888334	30.0	176.936174255	30.0	-72.4634180486	30.0	1.46666666631
36.0	-781.372549412	33.0	232.259258889	33.0	-282.262625757	33.0	498.097218334	33.0	16.2695042551	33.0	57.5365819514	33.0	-240.033333333
40.0	-963.372549412	36.0	-112.407411111	36.0	-353.262625757	36.0	-217.902781666	36.0	156.269504255	36.0	-595.130078049	36.0	-682.533333333
43.0	-373.705879412	40.0	-462.074071111	40.0	158.737374243	40.0	6.43055833387	40.0	43.6028342551	40.0	296.203251951	40.0	304.466666667
46.0	-615.039219412	43.0	-555.407411111	43.0	-79.262625757	43.0	-17.5694416662	43.0	-115.063825745	43.0	-398.463418049	43.0	85.9666666663
50.0	71.6274505882	46.0	-1180.07407111	46.0	-113.262625757	46.0	-365.236111666	46.0	-154.397165745	46.0	-161.463418049	46.0	-5.03333333369
53.0	-676.705879412	50.0	44.2592588881	50.0	-642.929295757	50.0	-308.902781666	50.0	-547.730495745	50.0	-691.796748049	50.0	-189.033333333
56.0	-98.0392194118	53.0	-481.074071111	53.0	-514.262625757	53.0	-351.569441666	53.0	-403.063825745	53.0	-279.463418049	53.0	-99.0333333337
60.0	-126.705879412	56.0	85.2592588881	56.0	30.737374243	56.0	399.097218334	56.0	-759.397165745	56.0	478.203251951	56.0	522.966666667
63.0	-763.039219412	60.0	-1028.74074111	60.0	-390.929295757	60.0	-230.902781666	60.0	-712.063825745	60.0	-58.1300780486	60.0	-11.5333333337
66.0	-672.372549412	63.0	-161.740741111	63.0	-618.929295757	63.0	255.430558334	63.0	-141.397165745	63.0	-285.130078049	63.0	-40.0333333337
70.0	-297.372549412	66.0	-667.740741111	66.0	-143.262625757	66.0	149.763888334	66.0	443.602834255	66.0	327.536581951	66.0	96.4666666663
73.0	-322.039219412	70.0	-335.074071111	70.0	-1021.59595576	70.0	-237.569441666	70.0	-208.397165745	70.0	-590.130078049	70.0	-345.033333333
76.0	-1134.70587941	73.0	-284.407411111	73.0	511.070704243	73.0	-875.236111666	73.0	-562.063825745	73.0	-319.130078049	73.0	-418.533333333
80.0	-616.039219412	76.0	-1586.07407111	76.0	-1014.92929576	76.0	-198.902781666	76.0	3.26950425516	76.0	-440.130078049	76.0	110.466666667
83.0	-326.705879412	80.0	-978.407411111	80.0	-492.929295757	80.0	-210.236111666	80.0	-239.730495745	80.0	-430.796748049	80.0	765.966666667
86.0	-500.705879412	83.0	-217.074071111	83.0	-81.929295757	83.0	-733.236111666	83.0	-472.397165745	83.0	37.2032519514	83.0	-116.533333333
90.0	-484.705879412	86.0	-1051.40741111	86.0	-108.929295757	86.0	-376.569441666	86.0	-294.397165745	86.0	-82.7967480486	86.0	754.466666667
93.0	-1347.37254941	90.0	-720.074071111	90.0	-895.595955757	90.0	537.097218334	90.0	-125.730495745	90.0	-225.796748049	90.0	17.9666666663
96.0	-872.372549412	93.0	-937.407411111	93.0	-252.929295757	93.0	-19.2361116662	93.0	167.602834255	93.0	-130.796748049	93.0	-85.0333333337
100.0	289.627450588	96.0	-73.7407411119	96.0	-171.929295757	96.0	143.430558334	96.0	-174.063825745	96.0	-102.463418049	96.0	-61.0333333337
103.0	-266.705879412	100.0	-422.074071111	100.0	-247.595955757	100.0	-170.236111666	100.0	-50.7304957449	100.0	-74.7967480486	100.0	-819.533333333
106.0	-639.705879412	103.0	-726.074071111	103.0	-595.595955757	103.0	-529.902781666	103.0	-1047.06382574	103.0	-231.796748049	103.0	68.9666666663
109.0	-281.039219412	106.0	-1099.07407111	106.0	-386.262625757	106.0	-361.569441666	106.0	-95.0638257449	106.0	-461.130078049	106.0	-747.033333333
113.0	-579.372549412	109.0	-1167.40741111	109.0	-921.595955757	109.0	-446.569441666	109.0	-555.397165745	109.0	-479.796748049	109.0	-597.033333333
116.0	-206.372549412	113.0	-281.074071111	113.0	-1148.26262576	113.0	-663.236111666	113.0	-753.397165745	113.0	-87.4634180486	113.0	722.966666667
119.0	-551.705879412	116.0	-555.407411111	116.0	-1221.26262576	116.0	-327.236111666	116.0	-308.063825745	116.0	-505.796748049	116.0	-424.533333333
123.0	-650.039219412	119.0	-1248.74074111	119.0	-430.595955757	119.0	78.0972183338	119.0	-747.397165745	119.0	-193.796748049	119.0	-454.533333333
126.0	-197.372549412	123.0	-843.074071111	123.0	-196.929295757	123.0	-464.569441666	123.0	195.602834255	123.0	282.869921951	123.0	1152.46666667
129.0	-1325.70587941	126.0	-479.074071111	126.0	-799.595955757	126.0	-506.569441666	126.0	-24.7304957449	126.0	-293.130078049	126.0	-47.0333333337
133.0	-248.372549412	129.0	-330.074071111	129.0	58.070704243	129.0	-509.236111666	129.0	46.9361742551	129.0	-94.4634180486	129.0	164.966666667
136.0	83.6274505882	133.0	-364.407411111	133.0	-691.929295757	133.0	-679.569441666	133.0	-309.397165745	133.0	1.20325195144	133.0	-393.033333333
139.0	-589.372549412	136.0	-106.740741111	136.0	-642.262625757	136.0	325.430558334	136.0	198.602834255	136.0	128.203251951	136.0	-791.533333333
143.0	-479.705879412	139.0	-711.407411111	139.0	-534.595955757	139.0	-213.569441666	139.0	-381.063825745	139.0	-505.796748049	139.0	655.466666667
146.0	-806.372549412	143.0	-360.074071111	143.0	-846.929295757	143.0	-546.236111666	143.0	520.269504255	143.0	-284.130078049	143.0	-388.533333333
149.0	-827.705879412	146.0	-648.740741111	146.0	-725.262625757	146.0	-329.236111666	146.0	-474.063825745	146.0	12.8699219514	146.0	760.466666667
153.0	-454.705879412	149.0	-667.407411111	149.0	-203.262625757	149.0	-636.236111666	149.0	-204.730495745	149.0	-152.796748049	149.0	316.966666667
156.0	738.960780588	153.0	-720.740741111	153.0	-332.595955757	153.0	-180.569441666	153.0	-551.397165745	153.0	-401.130078049	153.0	468.966666667
159.0	-904.372549412	156.0	-481.074071111	156.0	-282.595955757	156.0	46.0972183338	156.0	-705.730495745	156.0	414.203251951	156.0	-460.533333333
163.0	297.294120588	159.0	-477.407411111	159.0	10.404044243	159.0	-399.569441666	159.0	348.936174255	159.0	-439.130078049	159.0	-530.033333333
166.0	574.960780588	163.0	-854.740741111	163.0	-667.929295757	163.0	-557.902781666	163.0	77.2695042551	163.0	-98.1300780486	163.0	-498.533333333
169.0	171.294120588	166.0	-370.074071111	166.0	-1027.92929576	166.0	-626.902781666	166.0	-185.063825745	166.0	172.869921951	166.0	108.966666667
172.0	79.6274505882	169.0	3.25925888815	169.0	-882.595955757	169.0	-817.902781666	169.0	-754.397165745	169.0	-185.130078049	169.0	-814.533333333
176.0	411.294120588	172.0	-311.074071111	172.0	-541.262625757	172.0	-1011.90278167	172.0	-246.730495745	172.0	-70.7967480486	172.0	-201.533333333
179.0	1546.29412059	176.0	-470.407411111	176.0	-609.929295757	176.0	-197.236111666	176.0	390.269504255	176.0	-770.130078049	176.0	547.966666667
182.0	585.627450588	179.0	-852.407411111	179.0	-1360.59595576	179.0	-623.236111666	179.0	-306.730495745	179.0	-193.796748049	179.0	-315.533333333
186.0	1157.29412059	182.0	-677.407411111	182.0	-645.595955757	182.0	-249.569441666	182.0	-313.063825745	182.0	-242.463418049	182.0	271.966666667
189.0	1413.96078059	186.0	-521.074071111	186.0	331.737374243	186.0	-458.902781666	186.0	-746.397165745	186.0	26.2032519514	186.0	715.966666667
192.0	1344.96078059	189.0	-54.7407411119	189.0	-318.595955757	189.0	-395.902781666	189.0	-453.730495745	189.0	-595.796748049	189.0	207.966666667
196.0	2182.96078059	192.0	-240.740741111	192.0	-441.929295757	192.0	-670.902781666	192.0	-479.063825745	192.0	43.2032519514	192.0	-403.033333333
199.0	2700.96078059	196.0	362.592588889	196.0	-174.929295757	196.0	-307.236111666	196.0	6.26950425516	196.0	766.203251951	196.0	623.466666667
202.0	2449.62745059	199.0	-783.074071111	199.0	-471.262625757	199.0	-7.56944166613	199.0	323.602834255	199.0	437.536581951	199.0	-693.533333333
206.0	3051.62745059	202.0	-821.407411111	202.0	-199.262625757	202.0	-645.236111666	202.0	572.936174255	202.0	-621.463418049	202.0	69.4666666663
209.0	3363.96078059	206.0	176.925928889	206.0	-1012.92929576	206.0	-237.569441666	206.0	254.936174255	206.0	212.536581951	206.0	-347.033333333
212.0	4244.29412059	209.0	-205.074071111	209.0	-570.262625757	209.0	-932.902781666	209.0	-143.730495745	209.0	-374.796748049	209.0	-858.533333333
216.0	3937.29412059	212.0	-297.407411111	212.0	-662.595955757	212.0	-246.902781666	212.0	-272.730495745	212.0	203.869921951	212.0	-829.533333333
219.0	5290.96078059	216.0	214.259258889	216.0	-110.929295757	216.0	-175.236111666	216.0	-236.063825745	216.0	806.869921951	216.0	317.466666667
222.0	4852.96078059	219.0	-441.740741111	219.0	-806.262625757	219.0	-71.2361116662	219.0	107.269504255	219.0	6.20325195144	219.0	169.466666667
226.0	6187.96078059	222.0	867.592588889	222.0	514.070704243	222.0	-337.902781666	222.0	-408.730495745	222.0	-28.4634180486	222.0	97.9666666663
229.0	5752.96078059	226.0	74.5925888881	226.0	-921.595955757	226.0	-469.236111666	226.0	198.269504255	226.0	119.536581951	226.0	-80.0333333337
232.0	7104.96078059	229.0	435.925928889	229.0	523.737374243	229.0	-698.236111666	229.0	473.936174255	229.0	17.5365819514	229.0	-87.5333333337
235.0	6114.96078059	232.0	1237.25925889	232.0	-31.595955757	232.0	219.097218334	232.0	-140.730495745	232.0	-544.796748049	232.0	-221.533333333
239.0	8257.62745059	235.0	1171.25925889	235.0	394.737374243	235.0	591.430558334	235.0	-32.0638257449	235.0	26.5365819514	235.0	-550.033333333
242.0	7801.96078059	239.0	1591.25925889	239.0	-731.595955757	239.0	-484.236111666	239.0	99.2695042551	239.0	290.536581951	239.0	47.4666666663
245.0	10628.2941206	242.0	1364.59258889	242.0	334.070704243	242.0	-190.569441666	242.0	23.6028342551	242.0	-25.1300780486	242.0	-163.033333333
249.0	11262.9607806	245.0	1155.59258889	245.0	662.737374243	245.0	-687.902781666	245.0	-416.730495745	245.0	-140.463418049	245.0	-843.533333333
252.0	10260.6274506	249.0	1543.25925889	249.0	321.404044243	249.0	492.430558334	249.0	-230.063825745	249.0	403.203251951	249.0	-107.033333333
255.0	11478.9607806	252.0	1759.59258889	252.0	435.404044243	252.0	-301.236111666	252.0	-295.397165745	252.0	427.203251951	252.0	170.466666667
259.0	13676.6274506	255.0	1837.25925889	255.0	589.404044243	255.0	-322.236111666	255.0	265.269504255	255.0	472.869921951	255.0	438.966666667
262.0	13048.9607806	259.0	2793.59258889	259.0	1326.40404424	259.0	187.097218334	259.0	328.936174255	259.0	148.203251951	259.0	225.966666667
265.0	12166.9607806	262.0	1986.59258889	262.0	1346.40404424	262.0	228.763888334	262.0	-150.730495745	262.0	836.536581951	262.0	992.966666667
269.0	15585.2941206	265.0	3031.59258889	265.0	1559.07070424	265.0	446.097218334	265.0	193.602834255	265.0	-408.796748049	265.0	846.466666667
272.0	15990.6274506	269.0	3327.25925889	269.0	1393.73737424	269.0	47.4305583338	269.0	904.602834255	269.0	619.869921951	269.0	-336.033333333
275.0	21044.2941206	272.0	2944.59258889	272.0	1010.73737424	272.0	-157.236111666	272.0	708.602834255	272.0	125.203251951	272.0	1100.96666667
279.0	18736.2941206	275.0	3339.25925889	275.0	2015.73737424	275.0	-7.56944166613	275.0	265.602834255	275.0	-6.13007804856	275.0	401.466666667
282.0	19239.6274506	279.0	3281.92592889	279.0	1390.73737424	279.0	336.430558334	279.0	-108.730495745	279.0	193.869921951	279.0	-300.033333333
285.0	20747.9607806	282.0	4407.59258889	282.0	2832.40404424	282.0	487.763888334	282.0	278.936174255	282.0	-405.130078049	282.0	-71.5333333337
289.0	19878.6274506	285.0	5801.59258889	285.0	3810.73737424	285.0	694.097218334	285.0	343.602834255	285.0	363.869921951	285.0	719.966666667
292.0	22950.9607806	289.0	5403.25925889	289.0	3096.07070424	289.0	241.763888334	289.0	126.269504255	289.0	248.869921951	289.0	-140.533333333
295.0	23454.2941206	292.0	4710.92592889	292.0	3363.07070424	292.0	1280.43055833	292.0	728.269504255	292.0	-75.1300780486	292.0	-66.5333333337
298.0	23892.2941206	295.0	5874.59258889	295.0	3163.40404424	295.0	949.430558334	295.0	587.602834255	295.0	533.869921951	295.0	-504.533333333
302.0	28673.6274506	298.0	6266.25925889	298.0	4863.40404424	298.0	1186.76388833	298.0	530.936174255	298.0	369.536581951	298.0	370.966666667
305.0	27347.2941206	302.0	7322.25925889	302.0	3632.07070424	302.0	996.763888334	302.0	43.6028342551	302.0	1979.53658195	302.0	-210.533333333
308.0	30037.2941206	305.0	8442.25925889	305.0	4699.07070424	305.0	564.097218334	305.0	256.602834255	305.0	1030.86992195	305.0	545.466666667
312.0	26909.2941206	308.0	8684.25925889	308.0	5906.40404424	308.0	1981.09721833	308.0	-3.06382574484	308.0	986.869921951	308.0	407.466666667
315.0	28469.2941206	312.0	8724.92592889	312.0	5997.07070424	312.0	1850.76388833	312.0	653.936174255	312.0	499.536581951	312.0	466.966666667
318.0	29964.9607806	315.0	9357.25925889	315.0	5727.07070424	315.0	1185.43055833	315.0	430.269504255	315.0	657.203251951	315.0	-12.0333333337
322.0	33498.9607806	318.0	10289.2592589	318.0	6032.07070424	318.0	1824.43055833	318.0	1193.26950426	318.0	700.536581951	318.0	248.966666667
325.0	34844.6274506	322.0	10931.9259289	322.0	7776.07070424	322.0	1604.76388833	322.0	442.936174255	322.0	973.869921951	322.0	1116.96666667
328.0	31649.9607806	325.0	10296.2592589	325.0	6768.73737424	325.0	1410.76388833	325.0	1362.26950426	325.0	2154.53658195	325.0	-532.533333333
332.0	28948.9607806	328.0	11688.5925889	328.0	8585.07070424	328.0	1764.09721833	328.0	514.269504255	328.0	578.869921951	328.0	-390.533333333
335.0	31103.2941206	332.0	12965.5925889	332.0	9215.40404424	332.0	1626.43055833	332.0	1001.60283426	332.0	940.203251951	332.0	465.466666667
338.0	31679.6274506	335.0	13903.5925889	335.0	9560.07070424	335.0	2664.09721833	335.0	884.602834255	335.0	1319.86992195	335.0	-355.533333333
342.0	32189.2941206	338.0	14181.9259289	338.0	9529.40404424	338.0	1713.43055833	338.0	958.936174255	338.0	1172.86992195	338.0	398.466666667
345.0	33022.6274506	342.0	14615.9259289	342.0	10906.0707042	342.0	2588.76388833	342.0	2326.26950426	342.0	1169.53658195	342.0	247.466666667
348.0	31269.9607806	345.0	15292.9259289	345.0	10317.0707042	345.0	3006.09721833	345.0	1654.93617426	345.0	1295.20325195	345.0	20.9666666663
352.0	35073.6274506	348.0	15249.9259289	348.0	11018.7373742	348.0	3797.09721833	348.0	637.269504255	348.0	1146.53658195	348.0	223.966666667
355.0	36068.6274506	352.0	15718.2592589	352.0	12484.7373742	352.0	3466.76388833	352.0	1283.26950426	352.0	2159.86992195	352.0	-563.033333333
358.0	33573.9607806	355.0	17193.9259289	355.0	13020.7373742	355.0	4044.09721833	355.0	1919.93617426	355.0	1231.86992195	355.0	529.966666667
362.0	37811.2941206	358.0	16715.5925889	358.0	14276.0707042	358.0	4149.09721833	358.0	2087.93617426	358.0	1978.86992195	358.0	567.466666667
365.0	36138.6274506	362.0	17628.9259289	362.0	13703.7373742	362.0	3386.43055833	362.0	1520.60283426	362.0	2005.53658195	362.0	708.966666667
368.0	33684.9607806	365.0	18652.5925889	365.0	13449.7373742	365.0	4432.76388833	365.0	2580.60283426	365.0	2054.53658195	365.0	394.466666667
371.0	34272.6274506	368.0	19372.5925889	368.0	14442.4040442	368.0	5021.43055833	368.0	1828.93617426	368.0	2373.20325195	368.0	1135.96666667
375.0	39439.6274506	371.0	19083.9259289	371.0	15711.0707042	371.0	5363.76388833	371.0	2280.26950426	371.0	2601.86992195	371.0	826.466666667
378.0	39585.6274506	375.0	19854.9259289	375.0	16794.0707042	375.0	3863.09721833	375.0	1811.26950426	375.0	2647.53658195	375.0	839.966666667
381.0	39031.9607806	378.0	21704.9259289	378.0	17575.4040442	378.0	5377.09721833	378.0	2986.93617426	378.0	2733.53658195	378.0	69.9666666663
385.0	38679.6274506	381.0	20619.2592589	381.0	15734.7373742	381.0	5969.43055833	381.0	3777.93617426	381.0	2654.20325195	381.0	115.966666667
388.0	40146.6274506	385.0	22579.9259289	385.0	16460.4040442	385.0	6938.09721833	385.0	2859.26950426	385.0	2150.20325195	385.0	937.966666667
391.0	40639.2941206	388.0	22825.5925889	388.0	17736.7373742	388.0	6398.43055833	388.0	3294.93617426	388.0	2656.20325195	388.0	163.966666667
395.0	40072.6274506	391.0	23595.9259289	391.0	19396.7373742	391.0	6156.09721833	391.0	3802.60283426	391.0	3040.86992195	391.0	-173.533333333
398.0	44547.9607806	395.0	23722.5925889	395.0	18016.0707042	395.0	7092.76388833	395.0	3548.26950426	395.0	3014.86992195	395.0	107.966666667
401.0	40706.9607806	398.0	24402.5925889	398.0	19021.0707042	398.0	7814.09721833	398.0	3408.93617426	398.0	3023.53658195	398.0	785.466666667
405.0	41903.6274506	401.0	23950.9259289	401.0	20207.0707042	401.0	8339.76388833	401.0	4467.60283426	401.0	3330.86992195	401.0	220.466666667
408.0	45538.9607806	405.0	24022.2592589	405.0	20179.4040442	405.0	8189.43055833	405.0	4399.60283426	405.0	3780.53658195	405.0	-247.033333333
411.0	44530.9607806	408.0	24976.9259289	408.0	20336.4040442	408.0	9650.76388833	408.0	4313.26950426	408.0	3391.86992195	408.0	1260.96666667
415.0	45503.6274506	411.0	24530.9259289	411.0	19956.0707042	411.0	9690.76388833	411.0	4465.60283426	411.0	3944.86992195	411.0	624.966666667
418.0	46841.6274506	415.0	26439.9259289	415.0	20799.4040442	415.0	9281.43055833	415.0	4607.60283426	415.0	3774.86992195	415.0	98.9666666663
421.0	47488.6274506	418.0	27216.2592589	418.0	21536.4040442	418.0	9730.09721833	418.0	5240.60283426	418.0	4643.86992195	418.0	463.466666667
425.0	46534.6274506	421.0	27245.2592589	421.0	22454.7373742	421.0	11181.0972183	421.0	5949.26950426	421.0	3821.20325195	421.0	903.966666667
428.0	46412.6274506	425.0	27807.5925889	425.0	22171.7373742	425.0	10167.4305583	425.0	6162.60283426	425.0	5435.53658195	425.0	872.966666667
431.0	47374.9607806	428.0	27526.2592589	428.0	22763.7373742	428.0	11281.0972183	428.0	6026.93617426	428.0	4920.86992195	428.0	1146.46666667
434.0	47977.6274506	431.0	27464.2592589	431.0	22795.0707042	431.0	10463.4305583	431.0	6121.26950426	431.0	4740.20325195	431.0	209.466666667
438.0	46892.6274506	434.0	27487.9259289	434.0	23691.0707042	434.0	11450.7638883	434.0	6732.26950426	434.0	4092.53658195	434.0	-330.533333333
441.0	45912.2941206	438.0	28355.2592589	438.0	24351.0707042	438.0	11948.4305583	438.0	6868.93617426	438.0	4980.86992195	438.0	851.466666667
444.0	45043.2941206	441.0	27912.9259289	441.0	23400.4040442	441.0	12803.7638883	441.0	6951.60283426	441.0	5056.53658195	441.0	32.4666666663
448.0	49477.6274506	444.0	28368.2592589	444.0	23681.7373742	444.0	13771.7638883	444.0	6204.93617426	444.0	5102.53658195	444.0	244.466666667
451.0	45901.9607806	448.0	29310.9259289	448.0	23210.4040442	448.0	13253.7638883	448.0	8056.93617426	448.0	5109.86992195	448.0	255.466666667
454.0	46318.2941206	451.0	29923.2592589	451.0	23701.0707042	451.0	13677.7638883	451.0	7070.26950426	451.0	5303.20325195	451.0	1392.46666667
458.0	48644.2941206	454.0	30025.2592589	454.0	24106.4040442	454.0	13616.4305583	454.0	7897.93617426	454.0	6593.20325195	454.0	25.4666666663
461.0	51257.9607806	458.0	31078.5925889	458.0	25048.0707042	458.0	14507.7638883	458.0	8544.93617426	458.0	6384.86992195	458.0	1043.46666667
464.0	48767.2941206	461.0	30616.9259289	461.0	25015.4040442	461.0	15417.0972183	461.0	8594.60283426	461.0	6483.20325195	461.0	1302.46666667
468.0	49609.9607806	464.0	30371.2592589	464.0	25010.4040442	464.0	15206.7638883	464.0	8174.93617426	464.0	6702.20325195	464.0	-500.533333333
471.0	49901.2941206	468.0	31516.9259289	468.0	25769.7373742	468.0	16519.0972183	468.0	8846.26950426	468.0	7395.20325195	468.0	1180.46666667
474.0	48688.2941206	471.0	31029.2592589	471.0	25446.0707042	471.0	16456.0972183	471.0	9038.26950426	471.0	6817.53658195	471.0	1164.46666667
478.0	50464.2941206	474.0	31025.2592589	474.0	26442.4040442	474.0	17169.7638883	474.0	9140.93617426	474.0	6877.20325195	474.0	1116.46666667
481.0	51106.6274506	478.0	30161.9259289	478.0	27380.4040442	478.0	18413.4305583	478.0	9506.60283426	478.0	7062.20325195	478.0	1856.46666667
484.0	48410.2941206	481.0	30097.5925889	481.0	25902.7373742	481.0	17392.7638883	481.0	8745.60283426	481.0	7169.20325195	481.0	1808.46666667
488.0	48663.9607806	484.0	32434.9259289	484.0	25482.7373742	484.0	17011.4305583	484.0	9806.60283426	484.0	6996.53658195	484.0	1664.46666667
491.0	48551.2941206	488.0	31622.5925889	488.0	26502.0707042	488.0	17555.0972183	488.0	9872.26950426	488.0	7502.20325195	488.0	1558.46666667
494.0	48949.9607806	491.0	31700.5925889	491.0	25652.0707042	491.0	18050.4305583	491.0	10645.6028343	491.0	7454.53658195	491.0	743.466666667
497.0	49148.6274506	494.0	31785.5925889	494.0	27454.4040442	494.0	19355.4305583	494.0	10318.6028343	494.0	7476.86992195	494.0	2307.46666667
501.0	48972.9607806	497.0	30854.5925889	497.0	27308.0707042	497.0	19258.0972183	497.0	11867.6028343	497.0	7539.20325195	497.0	2539.96666667
504.0	48458.6274506	501.0	31880.9259289	501.0	26705.0707042	501.0	19303.4305583	501.0	11126.6028343	501.0	8719.53658195	501.0	1752.96666667
507.0	49728.6274506	504.0	31058.9259289	504.0	26176.4040442	504.0	19226.0972183	504.0	10524.9361743	504.0	8048.20325195	504.0	1317.96666667
511.0	49790.6274506	507.0	32965.2592589	507.0	26214.4040442	507.0	20156.4305583	507.0	12707.6028343	507.0	9593.53658195	507.0	2072.96666667
514.0	50046.6274506	511.0	32212.5925889	511.0	27825.7373742	511.0	19837.4305583	511.0	12685.2695043	511.0	9750.86992195	511.0	1969.46666667
517.0	50893.6274506	514.0	33650.5925889	514.0	27997.0707042	514.0	20198.7638883	514.0	12067.6028343	514.0	8261.86992195	514.0	1879.96666667
521.0	48698.2941206	517.0	31263.9259289	517.0	26536.4040442	517.0	20364.7638883	517.0	12078.2695043	517.0	9526.53658195	517.0	2128.46666667
524.0	50280.9607806	521.0	32556.9259289	521.0	28471.4040442	521.0	20749.7638883	521.0	13046.2695043	521.0	9287.86992195	521.0	1400.46666667
527.0	51945.6274506	524.0	32316.2592589	524.0	26976.7373742	524.0	20538.7638883	524.0	12159.2695043	524.0	9132.53658195	524.0	2754.46666667
531.0	50733.9607806	527.0	33797.9259289	527.0	28688.7373742	527.0	21581.0972183	527.0	13309.2695043	527.0	10212.869922	527.0	1714.46666667
534.0	50729.9607806	531.0	33490.5925889	531.0	28380.4040442	531.0	20961.7638883	531.0	14471.2695043	531.0	10131.869922	531.0	2175.96666667
537.0	52656.2941206	534.0	33491.2592589	534.0	25692.7373742	534.0	20873.7638883	534.0	13719.2695043	534.0	9638.20325195	534.0	3153.46666667
541.0	49389.9607806	537.0	33338.2592589	537.0	27919.4040442	537.0	21530.4305583	537.0	13826.6028343	537.0	9684.53658195	537.0	2211.96666667
544.0	51916.9607806	541.0	32354.2592589	541.0	28682.0707042	541.0	20800.4305583	541.0	14238.2695043	541.0	9295.86992195	541.0	2076.96666667
547.0	52157.2941206	544.0	33295.5925889	544.0	28776.0707042	544.0	22601.0972183	544.0	14622.9361743	544.0	11160.869922	544.0	1984.96666667
551.0	51928.2941206	547.0	33326.2592589	547.0	29073.7373742	547.0	22576.4305583	547.0	14247.2695043	547.0	10915.869922	547.0	3491.96666667
554.0	50325.6274506	551.0	33239.5925889	551.0	27921.0707042	551.0	22701.7638883	551.0	14815.9361743	551.0	11724.203252	551.0	2189.46666667
557.0	53762.6274506	554.0	33261.2592589	554.0	29467.4040442	554.0	22055.0972183	554.0	13834.6028343	554.0	10770.203252	554.0	1635.46666667
561.0	49473.2941206	557.0	33648.9259289	557.0	29130.4040442	557.0	23942.0972183	557.0	15519.9361743	557.0	10733.536582	557.0	2589.46666667
564.0	49725.9607806	561.0	34803.2592589	561.0	27818.7373742	561.0	22081.7638883	561.0	15926.6028343	561.0	10420.203252	561.0	3587.96666667
567.0	50408.9607806	564.0	32834.9259289	564.0	27305.0707042	564.0	21756.4305583	564.0	14742.9361743	564.0	10842.203252	564.0	2778.46666667
570.0	50553.2941206	567.0	34060.9259289	567.0	28131.4040442	567.0	23135.0972183	567.0	14159.2695043	567.0	12006.869922	567.0	3468.46666667
574.0	49226.2941206	570.0	33501.9259289	570.0	28591.0707042	570.0	23396.7638883	570.0	14917.6028343	570.0	11904.869922	570.0	2525.96666667
577.0	50174.6274506	574.0	33821.2592589	574.0	29285.0707042	574.0	23965.0972183	574.0	15111.2695043	574.0	11421.536582	574.0	4204.46666667
580.0	52199.2941206	577.0	34925.2592589	577.0	28927.7373742	577.0	24087.7638883	577.0	15371.6028343	577.0	11675.536582	577.0	3100.46666667
584.0	48426.2941206	580.0	35072.9259289	580.0	28574.0707042	580.0	23072.4305583	580.0	15769.6028343	580.0	12531.869922	580.0	4531.96666667
587.0	53997.2941206	584.0	35201.5925889	584.0	29273.0707042	584.0	26596.7638883	584.0	17062.6028343	584.0	13500.869922	584.0	4482.46666667
590.0	50328.2941206	587.0	35050.5925889	587.0	29980.7373742	587.0	23833.0972183	587.0	16610.9361743	587.0	12122.536582	587.0	4030.96666667
594.0	52347.2941206	590.0	34619.2592589	590.0	28918.4040442	590.0	24565.7638883	590.0	15209.9361743	590.0	12376.536582	590.0	4720.96666667
597.0	54097.9607806	594.0	34323.9259289	594.0	28928.7373742	594.0	23558.4305583	594.0	16398.9361743	594.0	12977.869922	594.0	4284.46666667
600.0	52031.2941206	597.0	34766.2592589	597.0	29477.4040442	597.0	24053.4305583	597.0	16364.6028343	597.0	12449.203252	597.0	4457.96666667
604.0	50789.9607806	600.0	35401.5925889	600.0	28940.7373742	600.0	23370.7638883	600.0	16200.9361743	600.0	12104.203252	600.0	4129.46666667
607.0	50213.9607806	604.0	35210.5925889	604.0	29102.0707042	604.0	24460.0972183	604.0	17410.2695043	604.0	12979.869922	604.0	5123.46666667
610.0	51714.9607806	607.0	34225.5925889	607.0	28336.7373742	607.0	24714.7638883	607.0	16567.6028343	607.0	13005.203252	607.0	4939.46666667
614.0	53080.9607806	610.0	34413.2592589	610.0	29826.0707042	610.0	23421.0972183	610.0	17444.2695043	610.0	12660.869922	610.0	4836.46666667
617.0	51280.9607806	614.0	34242.2592589	614.0	29077.0707042	614.0	23987.4305583	614.0	16192.2695043	614.0	14055.536582	614.0	5578.96666667
620.0	50634.2941206	617.0	35137.2592589	617.0	28530.4040442	617.0	25323.4305583	617.0	16708.9361743	617.0	12632.536582	617.0	4289.46666667
624.0	51083.2941206	620.0	34019.5925889	620.0	28756.0707042	620.0	24385.0972183	620.0	15980.6028343	620.0	13403.536582	620.0	5598.96666667
627.0	52241.6274506	624.0	35059.2592589	624.0	29678.7373742	624.0	24684.7638883	624.0	18050.9361743	624.0	13724.869922	624.0	5185.46666667
630.0	54043.9607806	627.0	36208.5925889	627.0	30226.0707042	627.0	24964.4305583	627.0	17774.9361743	627.0	13031.869922	627.0	5441.46666667
633.0	51829.9607806	630.0	35221.2592589	630.0	29429.4040442	630.0	24269.0972183	630.0	17488.2695043	630.0	13676.203252	630.0	5964.96666667
637.0	51658.2941206	633.0	35677.5925889	633.0	29447.0707042	633.0	25322.7638883	633.0	17826.6028343	633.0	13922.536582	633.0	5485.96666667
640.0	52680.9607806	637.0	34620.2592589	637.0	29529.4040442	637.0	24247.7638883	637.0	16978.2695043	637.0	14120.536582	637.0	5509.96666667
643.0	52134.6274506	640.0	36909.2592589	640.0	29483.0707042	640.0	24453.0972183	640.0	17924.6028343	640.0	14362.536582	640.0	5879.46666667
647.0	53764.2941206	643.0	34896.2592589	643.0	29845.0707042	643.0	25853.0972183	643.0	18893.6028343	643.0	14267.203252	643.0	5955.46666667
650.0	52454.6274506	647.0	35174.9259289	647.0	29568.7373742	647.0	24566.7638883	647.0	17378.9361743	647.0	13740.869922	647.0	5534.96666667
653.0	52885.2941206	650.0	34497.2592589	650.0	29570.0707042	650.0	25307.4305583	650.0	18618.6028343	650.0	13450.536582	650.0	5906.96666667
657.0	52186.2941206	653.0	36098.9259289	653.0	30665.7373742	653.0	25507.4305583	653.0	17457.9361743	653.0	14667.203252	653.0	6279.46666667
660.0	54345.6274506	657.0	34919.9259289	657.0	29547.4040442	657.0	25588.7638883	657.0	17822.9361743	657.0	15216.869922	657.0	6281.96666667
663.0	54811.2941206	660.0	35879.2592589	660.0	28746.4040442	660.0	26040.0972183	660.0	18737.2695043	660.0	15237.869922	660.0	6392.96666667
667.0	54385.2941206	663.0	36344.9259289	663.0	29348.7373742	663.0	25995.0972183	663.0	17982.6028343	663.0	14195.869922	663.0	6414.96666667
670.0	53848.6274506	667.0	36021.9259289	667.0	29273.0707042	667.0	26103.7638883	667.0	17784.2695043	667.0	14863.203252	667.0	6971.46666667
673.0	54744.2941206	670.0	35784.2592589	670.0	29020.0707042	670.0	24658.4305583	670.0	18468.9361743	670.0	14085.869922	670.0	6884.46666667
677.0	52328.9607806	673.0	36370.5925889	673.0	29979.0707042	673.0	25345.7638883	673.0	18082.6028343	673.0	15060.536582	673.0	8066.96666667
680.0	52417.6274506	677.0	35271.9259289	677.0	31094.0707042	677.0	25499.4305583	677.0	18266.2695043	677.0	14741.203252	677.0	7852.46666667
683.0	55844.9607806	680.0	35398.5925889	680.0	30639.4040442	680.0	26249.4305583	680.0	17955.6028343	680.0	14255.203252	680.0	6672.46666667
687.0	54114.9607806	683.0	36112.5925889	683.0	31101.4040442	683.0	25769.0972183	683.0	18132.9361743	683.0	15086.536582	683.0	7641.96666667
690.0	52948.9607806	687.0	33898.2592589	687.0	28896.0707042	687.0	25515.0972183	687.0	17908.2695043	687.0	14028.203252	687.0	7527.96666667
693.0	53128.2941206	690.0	36124.2592589	690.0	30047.7373742	690.0	25071.0972183	690.0	18633.9361743	690.0	14487.869922	690.0	7334.46666667
696.0	53089.9607806	693.0	36005.2592589	693.0	29662.0707042	693.0	26590.0972183	693.0	18341.6028343	693.0	14669.203252	693.0	7621.96666667
700.0	55893.2941206	696.0	35823.2592589	696.0	29918.4040442	696.0	25480.7638883	696.0	18859.6028343	696.0	16060.536582	696.0	8231.96666667
703.0	53999.2941206	700.0	36502.2592589	700.0	30426.7373742	700.0	26418.0972183	700.0	18353.6028343	700.0	15047.869922	700.0	8326.96666667
706.0	54783.6274506	703.0	36355.9259289	703.0	31640.4040442	703.0	26000.7638883	703.0	18711.9361743	703.0	15109.869922	703.0	8308.46666667
710.0	54695.9607806	706.0	36561.2592589	706.0	30042.7373742	706.0	26210.7638883	706.0	18211.6028343	706.0	14920.203252	706.0	8025.96666667
713.0	53224.6274506	710.0	36565.9259289	710.0	29799.4040442	710.0	26254.4305583	710.0	18027.6028343	710.0	15309.203252	710.0	7784.96666667
716.0	54022.2941206	713.0	36820.2592589	713.0	30427.7373742	713.0	27328.4305583	713.0	18632.2695043	713.0	15919.203252	713.0	8488.96666667
720.0	53989.9607806	716.0	36417.2592589	716.0	30483.7373742	716.0	26826.7638883	716.0	18494.6028343	716.0	14875.869922	716.0	7558.46666667
723.0	54613.6274506	720.0	36181.5925889	720.0	29918.4040442	720.0	25412.4305583	720.0	19459.6028343	720.0	15175.536582	720.0	8703.46666667
726.0	52869.9607806	723.0	35629.9259289	723.0	29128.0707042	723.0	25920.0972183	723.0	18908.2695043	723.0	15487.536582	723.0	7989.96666667
730.0	56351.9607806	726.0	37545.2592589	726.0	29486.0707042	726.0	25364.7638883	726.0	19201.6028343	726.0	15817.869922	726.0	8308.46666667
733.0	54839.9607806	730.0	35739.2592589	730.0	30760.7373742	730.0	26357.4305583	730.0	18738.6028343	730.0	14681.536582	730.0	8423.46666667
736.0	53962.9607806	733.0	37539.5925889	733.0	29705.4040442	733.0	27103.0972183	733.0	19069.9361743	733.0	15354.536582	733.0	9163.46666667
740.0	54816.9607806	736.0	34472.2592589	736.0	30510.0707042	736.0	26532.0972183	736.0	18034.9361743	736.0	15545.869922	736.0	8382.96666667
743.0	55091.9607806	740.0	36809.9259289	740.0	29997.7373742	740.0	26793.0972183	740.0	19662.6028343	740.0	14849.536582	740.0	8942.96666667
746.0	52526.9607806	743.0	37166.5925889	743.0	29754.4040442	743.0	26606.7638883	743.0	19274.9361743	743.0	15021.869922	743.0	9784.46666667
750.0	52624.6274506	746.0	36571.5925889	746.0	31944.4040442	746.0	26504.7638883	746.0	17995.6028343	746.0	15850.203252	746.0	9026.96666667
753.0	51388.9607806	750.0	37865.5925889	750.0	29254.7373742	750.0	27511.4305583	750.0	18718.6028343	750.0	15702.869922	750.0	9992.46666667
756.0	52415.9607806	753.0	36390.9259289	753.0	30374.0707042	753.0	26479.4305583	753.0	19235.2695043	753.0	15405.536582	753.0	9276.96666667
760.0	52235.9607806	756.0	37381.9259289	756.0	30977.0707042	756.0	25925.0972183	756.0	18817.2695043	756.0	15233.536582	756.0	9619.46666667
763.0	53008.9607806	760.0	37615.9259289	760.0	30318.4040442	760.0	25544.7638883	760.0	19127.2695043	760.0	14975.203252	760.0	10173.4666667
766.0	51173.9607806	763.0	36391.2592589	763.0	31032.7373742	763.0	25934.7638883	763.0	19290.2695043	763.0	15805.203252	763.0	9507.46666667
769.0	54360.9607806	766.0	35929.2592589	766.0	29956.0707042	766.0	27267.7638883	766.0	18885.6028343	766.0	15830.203252	766.0	9941.96666667
773.0	54082.2941206	769.0	37732.5925889	769.0	30779.0707042	769.0	27196.4305583	769.0	19768.6028343	769.0	15742.869922	769.0	9211.46666667
776.0	55198.9607806	773.0	35788.9259289	773.0	29380.7373742	773.0	27513.7638883	773.0	19071.2695043	773.0	15651.203252	773.0	10033.9666667
779.0	52853.9607806	776.0	37268.9259289	776.0	29335.4040442	776.0	27077.7638883	776.0	18532.6028343	776.0	16375.869922	776.0	10425.9666667
783.0	54356.6274506	779.0	37073.9259289	779.0	30068.4040442	779.0	26681.7638883	779.0	17783.2695043	779.0	15178.869922	779.0	9786.46666667
786.0	53141.6274506	783.0	37215.5925889	783.0	29742.0707042	783.0	27189.7638883	783.0	19573.6028343	783.0	15257.869922	783.0	10952.9666667
789.0	53532.6274506	786.0	36570.9259289	786.0	30597.0707042	786.0	26831.7638883	786.0	19061.2695043	786.0	16488.536582	786.0	11252.9666667
793.0	52608.9607806	789.0	38533.5925889	789.0	30254.4040442	789.0	26572.0972183	789.0	19205.9361743	789.0	16782.869922	789.0	9277.46666667
796.0	53056.2941206	793.0	37053.5925889	793.0	30530.4040442	793.0	27015.7638883	793.0	18882.6028343	793.0	15342.203252	793.0	10317.9666667
799.0	53569.6274506	796.0	37440.9259289	796.0	29916.4040442	796.0	26850.0972183	796.0	17883.9361743	796.0	16073.203252	796.0	10208.9666667
803.0	53711.6274506	799.0	37929.2592589	799.0	30333.7373742	799.0	27645.0972183	799.0	18611.2695043	799.0	16073.203252	799.0	11028.9666667
806.0	54660.9607806	803.0	35573.5925889	803.0	31561.7373742	803.0	26321.7638883	803.0	18090.2695043	803.0	15652.869922	803.0	10255.4666667
809.0	54751.2941206	806.0	35780.9259289	806.0	31170.0707042	806.0	25418.4305583	806.0	18069.6028343	806.0	15906.203252	806.0	10887.4666667
813.0	53452.6274506	809.0	35338.9259289	809.0	30198.7373742	809.0	27629.7638883	809.0	19211.2695043	809.0	16283.869922	809.0	9743.46666667
816.0	55357.6274506	813.0	36811.2592589	813.0	30151.4040442	813.0	25939.4305583	813.0	17938.6028343	813.0	15980.536582	813.0	9776.46666667
819.0	53426.9607806	816.0	37151.5925889	816.0	29642.7373742	816.0	27653.4305583	816.0	19694.2695043	816.0	16778.536582	816.0	10232.9666667
823.0	53008.9607806	819.0	36481.2592589	819.0	29313.0707042	819.0	26213.7638883	819.0	19726.6028343	819.0	16849.869922	819.0	9641.96666667
826.0	53314.2941206	823.0	36578.2592589	823.0	29495.0707042	823.0	27464.0972183	823.0	18693.6028343	823.0	16471.869922	823.0	10647.9666667
829.0	54185.6274506	826.0	35668.9259289	826.0	30843.7373742	826.0	26756.0972183	826.0	19132.6028343	826.0	16472.536582	826.0	10647.9666667
832.0	53303.2941206	829.0	35697.9259289	829.0	30454.0707042	829.0	27234.7638883	829.0	19786.6028343	829.0	15949.536582	829.0	11275.9666667
836.0	53554.6274506	832.0	35269.2592589	832.0	28982.4040442	832.0	26063.7638883	832.0	19011.9361743	832.0	15897.203252	832.0	9803.96666667
839.0	55829.6274506	836.0	37420.2592589	836.0	30078.4040442	836.0	26867.4305583	836.0	19470.9361743	836.0	16831.869922	836.0	11364.9666667
842.0	53510.6274506	839.0	36321.5925889	839.0	30140.7373742	839.0	28066.4305583	839.0	20128.6028343	839.0	15397.536582	839.0	11110.4666667
846.0	54324.2941206	842.0	38090.5925889	842.0	30216.7373742	842.0	28084.0972183	842.0	19155.6028343	842.0	16280.536582	842.0	10838.4666667
849.0	53568.6274506	846.0	37082.9259289	846.0	31296.7373742	846.0	27073.7638883	846.0	18671.2695043	846.0	15895.536582	846.0	9787.96666667
852.0	56707.6274506	849.0	36106.9259289	849.0	30691.0707042	849.0	26578.4305583	849.0	19215.2695043	849.0	15852.869922	849.0	10681.4666667
856.0	54003.6274506	852.0	37180.5925889	852.0	31347.7373742	852.0	27751.4305583	852.0	19211.6028343	852.0	16569.536582	852.0	11201.4666667
859.0	55013.6274506	856.0	36802.5925889	856.0	30757.7373742	856.0	27314.7638883	856.0	19137.6028343	856.0	16696.536582	856.0	12128.4666667
862.0	55039.2941206	859.0	36047.9259289	859.0	30837.0707042	859.0	27389.7638883	859.0	19039.9361743	859.0	15889.536582	859.0	10901.4666667
866.0	54021.6274506	862.0	37541.5925889	862.0	30583.7373742	862.0	27125.4305583	862.0	18811.2695043	862.0	15605.536582	862.0	10455.4666667
869.0	53977.9607806	866.0	37766.2592589	866.0	30504.0707042	866.0	26117.7638883	866.0	18173.9361743	866.0	16727.536582	866.0	11532.9666667
872.0	53961.9607806	869.0	36927.2592589	869.0	30299.0707042	869.0	26646.0972183	869.0	18378.2695043	869.0	15706.869922	869.0	11173.9666667
876.0	53112.6274506	872.0	37487.9259289	872.0	29886.4040442	872.0	26985.7638883	872.0	18088.6028343	872.0	16615.203252	872.0	10496.9666667
879.0	52606.6274506	876.0	37085.9259289	876.0	30152.0707042	876.0	26618.4305583	876.0	19407.9361743	876.0	15976.869922	876.0	11314.4666667
882.0	52339.6274506	879.0	37836.2592589	879.0	30814.4040442	879.0	27142.7638883	879.0	19159.6028343	879.0	16915.536582	879.0	11279.4666667
886.0	53009.6274506	882.0	37958.5925889	882.0	30269.4040442	882.0	27174.4305583	882.0	19847.9361743	882.0	16400.536582	882.0	10453.9666667
889.0	53270.2941206	886.0	37352.5925889	886.0	30002.4040442	886.0	27932.7638883	886.0	20465.9361743	886.0	15813.869922	886.0	11739.9666667
892.0	53101.9607806	889.0	36127.2592589	889.0	30269.4040442	889.0	27197.4305583	889.0	18984.9361743	889.0	16957.869922	889.0	10963.9666667
896.0	53967.9607806	892.0	37014.5925889	892.0	30348.0707042	892.0	27245.0972183	892.0	20650.2695043	892.0	16269.869922	892.0	10797.4666667
899.0	52206.9607806	896.0	37782.2592589	896.0	30166.7373742	896.0	26978.0972183	896.0	19401.9361743	896.0	15939.536582	896.0	10766.4666667
902.0	53822.6274506	899.0	36286.5925889	899.0	29865.0707042	899.0	26461.4305583	899.0	19386.9361743	899.0	16375.536582	899.0	10162.9666667
905.0	52796.6274506	902.0	37343.2592589	902.0	30217.0707042	902.0	27491.0972183	902.0	19245.2695043	902.0	16091.203252	902.0	11632.9666667
909.0	54566.2941206	905.0	36580.9259289	905.0	30663.7373742	905.0	26937.7638883	905.0	19052.9361743	905.0	16313.203252	905.0	10601.9666667
912.0	55345.9607806	909.0	35963.5925889	909.0	29345.7373742	909.0	26861.0972183	909.0	19629.9361743	909.0	17419.869922	909.0	10612.4666667
915.0	53453.6274506	912.0	36907.5925889	912.0	31936.7373742	912.0	27469.0972183	912.0	18531.9361743	912.0	16711.203252	912.0	11981.9666667
919.0	54044.9607806	915.0	36346.9259289	915.0	30200.7373742	915.0	27695.0972183	915.0	19642.6028343	915.0	16106.869922	915.0	11068.4666667
922.0	55010.9607806	919.0	36340.2592589	919.0	29787.4040442	919.0	27690.7638883	919.0	18702.6028343	919.0	15363.869922	919.0	11689.9666667
		922.0	36157.2592589	922.0	30726.7373742	922.0	26426.4305583	922.0	19959.6028343	922.0	16523.536582	922.0	11656.9666667
